Identifier,Cruise_Name,Cruise_Number,Gear,CastNumber,Date_Deployed,Station,Latitude,Longitude,Solar Cycle,Start_Time_CDT,Stop_Time_CDT,Elapsed_Time,Max_WaterColumn_Depth,Max_Depth_Deployed,Comments,File_Name,Associated Trawl
CTD_01,DSB,01,CTD,001,07Sep24,VKM,29.167,-88.426,Day,11:58,12:13,00:15,216,212,"blanket comment: CTDZ sensors are functional, disregard CTD1 sensors are malfunctioned",CTD_01,1
CTD_02,DSB,01,CTD,002,07Sep24,VKM,29.12,-88.345,Night,17:39,17:59,00:30,364.7,356.7,12 niskin bottles fired at 344m,CTD_02,2
CTD_03,DSB,01,CTD,003,08Sep24,VKM,29.096,-88.379,Night,02:14,02:32,00:18,362,354,12 niskin bottles fired at48m,CTD_03,0
CTD_04,DSB,01,CTD,004,08Sep24,VKU,29.04,-88.3,Day,15:29,18:00,02:29,680,680,"wBAT on C+D w/ 38++120kHz transducers, 10 bottles fire at 515m",CTD_04,3
CTD_05,DSB,01,CTD,005,09Sep24,VKU,29.047,-88.333,Night,03:11,03:39,00:28,605,601,10 niskin bottles fired at 35m,CTD_05,4
CTD_06,DSB,01,CTD,006,09Sep24,VKD,28.928,-88.209,Day,16:00,18:37,02:37,1153,1160,"wBAT attached with 38+120 tranducers, 1628 CTD sitting 50m above bottom for 30 mins, 1712 CTD @ 400m, fired 10 bottles",CTD_06,5
CTD_07,DSB,01,CTD,007,10Sep24,VKD,28.954,-88.2,Night,02:57,03:45,00:48,1085,1075,10 niskin bottles fired at 50m,CTD_07,6
CTD_08,DSB,01,CTD,008,13Sep24,DCS,29.409,-87.396,Day,17:51,19:55,02:04,387,375,10 niskin botttles fired at 340m,CTD_08,7
CTD_09,DSB,01,CTD,009,13Sep24,DCS,29.395,-87.456,Night,23:25,00:53,01:28,183,150,Conducted M3 mid water column testing,CTD_09,0
CTD_10,DSB,01,CTD,010,14Sep24,DCM,29.275,-87.262,Day,16:37,17:12,00:35,731,727,10 niskin bottles at 460m,CTD_10,8
CTD_11,DSB,01,CTD,011,15Sep24,DCO,29.062,-87.173,Night,03:54,06:05,02:09,936,928,"WBAT listening, after bottom max, stop at 50m above bottom, at 05:36 hr 10 niskin bnottles were fired (eDNA)",CTD_11,9
CTD_12,DSB,01,CTD,012,15Sep24,DCO,29.069,-87.182,Day,15:47,16:30,00:47,949,950,10 niskin bottles fired at 16:20 hr for eDNA,CTD_12,10
CTD_13,DSB,01,CTD,013,16Sep24,DCO,29.111,-87.141,Night,03:15,05:21,02:06,910,903,"WBAT trails at different depths, niskins for eDNA",CTD_13,11
CTD_14,DSB,01,CTD,014,16Sep24,DCD,29.215,-87.125,Day,16:15,16:50,00:35,804,804,"804 bottom but CTD says 781m, vertical profile and eDNA samples, 10 niskin bottled fired at 550m",CTD_14,12
CTD_15,DSB,01,CTD,015,17Sep24,VKU,29.09,-88.271,Night,06:02,07:10,01:08,560,463,"WBAT for 1 hr, did not get a full vertical profile",CTD_15,13
CTD_16,DSB,02,CTD,016,20Aug25,VKM,29.19,-88.41,Day,07:31,08:38,01:07,194,189,,CTD_16,15
CTD_17,DSB,02,CTD,017,20Aug25,VKU,29.09,-88.35,Night,18:00,20:55,02:55,438,429,First deployment of eDNA & WBAT; eDNA attempt @ capturing ascending DVM @ VKUN,CTD_17,16
CTD_18,DSB,02,CTD,018,21Aug25,VKU,29.09,-88.35,Day,05:03,07:56,02:53,441,437,eDNA & WBAT; eDNA attempt @ capturing descending migration at VKUD,CTD_18,17
CTD_19,DSB,02,CTD,019,21Aug25,VKD,29.04,-88.29,Day,14:33,16:58,02:25,672,679,Max water column depth from EK80 doesn't match max depth deployed 679 m from CTD; eDNA & WBAT; eDNA core profile at VKDD,CTD_19,18
CTD_20,DSB,02,CTD,020,22Aug25,VKD,29.04,-88.29,Day,05:40,08:15,02:35,703,660,,CTD_20,19
CTD_21,DSB,02,CTD,021,22Aug25,DCO,29.19,-87.1,Night,21:09,21:39,00:30,812,794,,CTD_21,20
CTD_22,DSB,02,CTD,022,23Aug25,DCD,29.28,-87.23,Night,17:20,20:35,03:15,702,698,eDNA & WBAT; eDNA ascending migration @ DCD,CTD_22,21
CTD_23,DSB,02,CTD,023,24Aug25,DCD,29.28,-87.22,Day,04:35,07:46,03:11,703,692,eDNA & WBAT; eDNA descending migration @ DCD,CTD_23,22
CTD_24,DSB,02,CTD,024,24Aug25,DCD,29.31,-87.23,Night,17:49,21:09,03:20,664,658,eDNA & WBAT,CTD_24,0
CTD_25,DSB,02,CTD,025,25Aug25,DCS,29.47,-87.44,Day,07:58,10:34,02:38,287,187,eDNA & WBAT; eDNA horizontal prelim test,CTD_25,24
CTD_26,DSB,02,CTD,026,27Aug25,SMS,27.86,-91.5,Day,04:30,07:35,03:05,258,250,eDNA & WBAT; eDNA descending migration,CTD_26,26
CTD_27,DSB,02,CTD,027,27Aug25,SMM,27.79,-91.54,Night,18:00,21:05,03:05,318,317,eDNA & WBAT; eDNA Ascending migration,CTD_27,27
CTD_28,DSB,02,CTD,028,28Aug25,SMD,27.79,-91.55,Day,04:35,07:37,03:02,291,288,eDNA & WBAT; eDNA descending migration,CTD_28,28
CTD_29,DSB,02,CTD,029,28Aug25,SMD,27.75,-91.49,Night,17:54,21:11,03:17,829,824,eDNA & WBAT; eDNA Ascending migration,CTD_29,29
CTD_30,DSB,02,CTD,030,29Aug25,SMD,27.76,-91.51,Day,04:34,07:37,03:03,620,581,eDNA & WBAT; eDNA descending migration,CTD_30,30
CTD_31,DSB,02,CTD,031,30Aug25,VKL,29.11,-88.37,Night,16:29,19:40,03:11,348,350,eDNA & WBAT; eDNA Ascending migration,CTD_31,31
CTD_32,DSB,02,CTD,032,31Aug25,VKL,29.1,-88.35,Day,04:58,07:00,02:02,397,393,eDNA & WBAT; eDNA descending migration,CTD_32,0
CTD_33,DSB,03,CTD,033,31Jul26,SMS,27.9003,-91.4643,Night,20:27,20:49,00:22,185,183,,CTD_DSB3_SMSN,0
CTD_34,DSB,03,CTD,034,01Aug26,SMS,27.9004,-91.4668,Day,09:39,11:02,01:23,180,175,,CTD_DSB3_SMSD,32
CTD_35,DSB,03,CTD,035,02Aug26,SMM,27.8092,-91.4583,Day,04:15,05:45,01:30,464,455,,CTD_DSB3_SMMD,0
CTD_36,DSB,03,CTD,036,02Aug26,SMM,27.808,-91.4583,Night,16:07,17:46,01:39,473,485,,CTD_DSB3_SMMN,34
CTD_37,DSB,03,CTD,037,03Aug26,SMD,27.7743,-91.4899,Day,04:10,05:56,01:46,696,676,,CTD_DSB3_SMDD,35
CTD_38,DSB,03,CTD,038,04Aug26,SMD,27.7787,-91.3827,Day,02:23,04:43,02:20,592,587,,CTD_DSB3_SMDD2,0
CTD_39,DSB,03,CTD,039,05Aug26,SMDB,27.6669,-91.5569,Day,03:09,04:56,01:47,747,742,,CTD_DSB3_SMDBN,38
CTD_40,DSB,03,CTD,040,05Aug26,SMD,27.6669,-91.557,Night,17:22,19:39,02:17,960,955,,CTD_DSB3_SMDN,39
CTD_41,DSB,03,CTD,041,06Aug26,SMDB,27.6709,-91.559,Day,03:40,05:43,02:03,940,934,,CTD_DSB3_SMDBD,40
CTD_42,DSB,03,CTD,042,06Aug26,SMZL,27.7937,-91.6418,Night,19:12,19:33,00:21,377,375,,CTD_DSB3_SMZLN,41
CTD_43,DSB,03,CTD,043,08Aug26,SMAC,27.6687,-91.3576,Day,04:11,06:42,02:31,785,780,,CTD_DSB3_SMACD,44
CTD_44,DSB,03,CTD,044,08Aug26,SMWP,27.8404,-91.6097,Night,17:40,18:08,00:28,420,415,,CTD_DSB3_SMWPN,45
CTD_45,DSB,03,CTD,045,09Aug26,SMWP,27.8431,-91.9105,Day,01:05,02:20,01:15,420,415,,CTD_DSB3_SMWPD,0
CTD_46,DSB,03,CTD,046,10Aug26,VKDRGN,29.1556,-88.3815,Day,03:32,03:45,00:13,256,254,,CTD_DSB3_VKDRGND,46
CTD_47,DSB,03,CTD,047,10Aug26,VKDRGN,29.0594,-88.3021,Night,16:15,17:58,01:32,608,599,,CTD_DSB3_VKDRGNN,47
CTD_48,DSB,03,CTD,048,11Aug26,VKDRGN,29.0601,-88.3012,Day,03:49,05:27,01:38,607,602,,CTD_DSB3_VKDRGND2,48
CTD_49,DSB,03,CTD,049,11Aug26,VKDRGN,29.1049,-88.3423,Night,16:06,17:47,01:53,402,397,,CTD_DSB3_VKDRGNN2,49
CTD_50,DSB,03,CTD,050,12Aug26,VKDRGN,29.059,-88.302,Day,03:14,04:48,01:34,602,600,,CTD_DSB3_VKDRGND3,50
