TrawlNo_NetNo,TrawlNo,CruiseSeries,Cruise_Name_No,StationID,SolarCycle,NetNo,SampleID,SampDateStart,Sample_month,StartLat,StartLon,EndLat,EndLon,TowStartTime_CDT,TowEndTime_CDT,ElapsedTime,Start_WaterColumn_Depth,End_WaterColumn_Depth,Max_WaterColumn_Depth,MinSampleDepth,MaxSampleDepth,DepthUnits,Gear,NetMeshSize_mm,Volume_cubic_meters,HowToQuantify,SamplingScheme,CastType,SampleComments,WatermassClassification,MOC10FileName,eDNA Sample Taken
1_0,1,DSB,DSB1,VKM,Day,0,DSB1-090724-MOC10-VKMD-001-N0,07Sep24,September,29.186,-88.409,29.127,-88.351,13:42,14:32,00:47,189,338,,0,50,meters,MOC10,3,45412,Tow duration,Non-standard,Tow-yo,temp/sal broke,,DSB1_001,FALSE
1_1,1,DSB,DSB1,VKM,Day,1,DSB1-090724-MOC10-VKMD-001-N1,07Sep24,September,29.186,-88.409,29.127,-88.351,14:32,15:00,00:28,189,338,,50,100,meters,MOC10,3,59175,Tow duration,Non-standard,Tow-yo,flow metemp/sal broke,,DSB1_001,FALSE
1_2,1,DSB,DSB1,VKM,Day,2,DSB1-090724-MOC10-VKMD-001-N2,07Sep24,September,29.186,-88.409,29.127,-88.351,15:00,15:30,00:30,189,338,,100,150,meters,MOC10,3,66408,Tow duration,Non-standard,Tow-yo,temp/sal broke,,DSB1_001,FALSE
1_3,1,DSB,DSB1,VKM,Day,3,DSB1-090724-MOC10-VKMD-001-N3,07Sep24,September,29.186,-88.409,29.127,-88.351,15:30,15:58,00:28,189,338,,150,200,meters,MOC10,3,199556,Tow duration,Non-standard,Tow-yo,"flow meter issues (nets 3-5), temp/sal broke",,DSB1_001,FALSE
1_4,1,DSB,DSB1,VKM,Day,4,DSB1-090724-MOC10-VKMD-001-N4,07Sep24,September,29.186,-88.409,29.127,-88.351,15:58,16:29,00:31,189,338,,200,250,meters,MOC10,3,339392,Tow duration,Non-standard,Tow-yo,"flow meter issues (nets 3-5), temp/sal broke",,DSB1_001,FALSE
1_5,1,DSB,DSB1,VKM,Day,5,DSB1-090724-MOC10-VKMD-001-N5,07Sep24,September,29.186,-88.409,29.127,-88.351,16:29,17:06,00:37,189,338,,250,0,meters,MOC10,3,312937,Tow duration,Non-standard,Upcast,"flow meter issues (nets 3-5), temp/sal broke",,DSB1_001,FALSE
2_0,2,DSB,DSB1,VKM,Night,0,DSB1-090724-MOC10-VKMN-002-N0,07Sep24,September,29.183,-88.408,29.106,-88.371,22:00,22:58,00:38,194,350,,0,100,meters,MOC10,3,25218,Volume,Non-standard,Tow-yo,new flowmeter and repaired temp./sal.,,DSB1_002,FALSE
2_1,2,DSB,DSB1,VKM,Night,1,DSB1-090724-MOC10-VKMN-002-N1,07Sep24,September,29.183,-88.408,29.106,-88.371,22:58,23:25,00:27,194,350,,50,100,meters,MOC10,3,17907,Volume,Non-standard,Tow-yo,new flowmeter and repaired temp./sal.,,DSB1_002,FALSE
2_2,2,DSB,DSB1,VKM,Night,2,DSB1-090724-MOC10-VKMN-002-N2,07Sep24,September,29.183,-88.408,29.106,-88.371,23:25,23:54,00:29,194,350,,100,150,meters,MOC10,3,18682,Volume,Non-standard,Tow-yo,new flowmeter and repaired temp./sal.,,DSB1_002,FALSE
2_3,2,DSB,DSB1,VKM,Night,3,DSB1-090724-MOC10-VKMN-002-N3,07Sep24,September,29.183,-88.408,29.106,-88.371,23:54,00:22,00:28,194,350,,150,200,meters,MOC10,3,19995,Volume,Non-standard,Tow-yo,new flowmeter and repaired temp./sal.,,DSB1_002,FALSE
2_4,2,DSB,DSB1,VKM,Night,4,DSB1-090724-MOC10-VKMN-002-N4,07Sep24,September,29.183,-88.408,29.106,-88.371,00:22,00:51,00:29,194,350,,200,250,meters,MOC10,3,20904,Volume,Non-standard,Tow-yo,new flowmeter and repaired temp./sal.,,DSB1_002,FALSE
2_5,2,DSB,DSB1,VKM,Night,5,DSB1-090724-MOC10-VKMN-002-N5,07Sep24,September,29.183,-88.408,29.106,-88.371,00:51,01:37,00:46,194,350,,250,0,meters,MOC10,3,35406,Volume,Non-standard,Upcast,new flowmeter and repaired temp./sal.,,DSB1_002,FALSE
3_0,3,DSB,DSB1,VKU,Day,0,DSB1-090824-MOC10-VKUD-003-N0,08Sep24,September,29.136,-88.371,29.052,-88.295,10:08,10:49,00:41,305,642,,0,100,meters,MOC10,3,25310,Volume,Non-standard,Tow-yo,0-100 M DEPTH,,DSB1_003,TRUE
3_1,3,DSB,DSB1,VKU,Day,1,DSB1-090824-MOC10-VKUD-003-N1,08Sep24,September,29.136,-88.371,29.052,-88.295,10:49,11:19,00:30,305,642,,100,275,meters,MOC10,3,18256,Volume,Non-standard,Downcast,"100-275 M DEPTH, near bottom sampling",,DSB1_003,TRUE
3_2,3,DSB,DSB1,VKU,Day,2,DSB1-090824-MOC10-VKUD-003-N2,08Sep24,September,29.136,-88.371,29.052,-88.295,11:19,11:44,00:25,305,642,,275,325,meters,MOC10,3,16451,Volume,Non-standard,Tow-yo,"275-325 M DEPTH, near bottom sampling",,DSB1_003,TRUE
3_3,3,DSB,DSB1,VKU,Day,3,DSB1-090824-MOC10-VKUD-003-N3,08Sep24,September,29.136,-88.371,29.052,-88.295,11:44,12:16,00:32,305,642,,325,375,meters,MOC10,3,22092,Volume,Non-standard,Tow-yo,"325-375 M DEPTH, near bottom sampling",,DSB1_003,TRUE
3_4,3,DSB,DSB1,VKU,Day,4,DSB1-090824-MOC10-VKUD-003-N4,08Sep24,September,29.136,-88.371,29.052,-88.295,12:16,13:03,00:47,305,642,,375,475,meters,MOC10,3,35041,Volume,Non-standard,Tow-yo,"375-475 M DEPTH, near bottom sampling",,DSB1_003,TRUE
3_5,3,DSB,DSB1,VKU,Day,5,DSB1-090824-MOC10-VKUD-003-N5,08Sep24,September,29.136,-88.371,29.052,-88.295,13:03,14:16,00:53,305,642,,475,0,meters,MOC10,3,59206,Volume,Non-standard,Upcast,475-0 M DEPTH,,DSB1_003,TRUE
4_0,4,DSB,DSB1,VKU,Night,0,DSB1-090824-MOC10-VKUN-004-N0,08Sep24,September,29.138,-88.371,29.055,-88.319,22:12,23:04,00:52,300,594,,0,100,meters,MOC10,3,33442,Volume,Non-standard,Tow-yo,"0-100 M DEPTH, potential increase flow due to MOC pro starting at 20m and spending few mins at surface",,DSB1_004,FALSE
4_1,4,DSB,DSB1,VKU,Night,1,DSB1-090824-MOC10-VKUN-004-N1,08Sep24,September,29.138,-88.371,29.055,-88.319,23:04,23:31,00:27,300,594,,100,275,meters,MOC10,3,16286,Volume,Non-standard,Downcast,100-275 M DEPTH,,DSB1_004,FALSE
4_2,4,DSB,DSB1,VKU,Night,2,DSB1-090824-MOC10-VKUN-004-N2,08Sep24,September,29.138,-88.371,29.055,-88.319,23:31,23:58,00:27,300,594,,275,325,meters,MOC10,3,16803,Volume,Non-standard,Tow-yo,275-325 M DEPTH,,DSB1_004,FALSE
4_3,4,DSB,DSB1,VKU,Night,3,DSB1-090824-MOC10-VKUN-004-N3,08Sep24,September,29.138,-88.371,29.055,-88.319,23:58,00:26,00:28,300,594,,325,375,meters,MOC10,3,18043,Volume,Non-standard,Tow-yo,325-375  M DEPTH,,DSB1_004,FALSE
4_4,4,DSB,DSB1,VKU,Night,4,DSB1-090824-MOC10-VKUN-004-N4,08Sep24,September,29.138,-88.371,29.055,-88.319,00:26,01:02,00:36,300,594,,375,455,meters,MOC10,3,24619,Volume,Non-standard,Tow-yo,375-455 M DEPTH,,DSB1_004,FALSE
4_5,4,DSB,DSB1,VKU,Night,5,DSB1-090824-MOC10-VKUN-004-N5,08Sep24,September,29.138,-88.371,29.055,-88.319,01:02,02:11,00:69,300,594,,455,0,meters,MOC10,3,54837,Volume,Non-standard,Upcast,455-0 M DEPTH,,DSB1_004,FALSE
5_2,5,DSB,DSB1,VKD,Day,2,DSB1-090924-MOC10-VKDD-005-N2,09Sep24,September,29.046,-88.29,28.938,-88.204,12:23,13:17,00:54,670,1092,,650,750,meters,MOC10,3,116987,,Non-standard,Tow-yo,"650-750 M DEPTH, see PRO file for profile",,DSB1_005,TRUE
5_3,5,DSB,DSB1,VKD,Day,3,DSB1-090924-MOC10-VKDD-005-N3,09Sep24,September,29.046,-88.29,28.938,-88.204,13:17,13:38,00:21,670,1092,,650,500,meters,MOC10,3,16033,,Non-standard,Upcast,750-500 M DEPTH,,DSB1_005,TRUE
5_4,5,DSB,DSB1,VKD,Day,4,DSB1-090924-MOC10-VKDD-005-N4,09Sep24,September,29.046,-88.29,28.938,-88.204,13:38,14:23,00:45,670,1092,,400,500,meters,MOC10,3,33411,,Non-standard,Tow-yo,500-400 M DEPTH,,DSB1_005,TRUE
5_5,5,DSB,DSB1,VKD,Day,5,DSB1-090924-MOC10-VKDD-005-N5,09Sep24,September,29.046,-88.29,28.938,-88.204,14:23,15:29,00:66,670,1092,,400,0,meters,MOC10,3,52407,,Non-standard,Upcast,400-0 M DEPTH,,DSB1_005,TRUE
5_0,5,DSB,DSB1,VKD,Day,0,DSB1-090924-MOC10-VKDD-005-N0,09Sep24,September,29.046,-88.29,28.938,-88.204,10:19,11:01,00:40,670,1092,,0,100,meters,MOC10,3,27351,,Non-standard,Tow-yo,"0-100 M DEPTH, system crash, recovery on 2nd down at ~30-40m",,DSB1_005,TRUE
5_1,5,DSB,DSB1,VKD,Day,1,DSB1-090924-MOC10-VKDD-005-N1,09Sep24,September,29.046,-88.29,28.938,-88.204,11:01,12:23,00:82,670,1092,,100,650,meters,MOC10,3,75494,,Non-standard,Downcast,"100-650 M DEPTH, another crush, sp. Increase to 10-15 m/min to try to get to bottom",,DSB1_005,TRUE
6_0,6,DSB,DSB1,VKD,Night,0,DSB1-090924-MOC10-VKDN-006-N0,09Sep24,September,29.046,-88.294,28.958,-88.199,21:28,22:11,00:39,666,1049,,0,100,meters,MOC10,3,38754,,Non-standard,Tow-yo,0-100 M DEPTH,,DSB1_006,FALSE
6_1,6,DSB,DSB1,VKD,Night,1,DSB1-090924-MOC10-VKDN-006-N1,09Sep24,September,29.046,-88.294,28.958,-88.199,22:11,23:23,00:82,666,1049,,100,650,meters,MOC10,3,71197,,Non-standard,Downcast,100-650 M DEPTH,,DSB1_006,FALSE
6_2,6,DSB,DSB1,VKD,Night,2,DSB1-090924-MOC10-VKDN-006-N2,09Sep24,September,29.046,-88.294,28.958,-88.199,23:23,23:53,00:20,666,1049,,650,750,meters,MOC10,3,20617,,Non-standard,Tow-yo,"650-750 M DEPTH, oblique, not fully comparable to tow 5-005, longer at 700m, note difference in flow count",,DSB1_006,FALSE
6_3,6,DSB,DSB1,VKD,Night,3,DSB1-090924-MOC10-VKDN-006-N3,09Sep24,September,29.046,-88.294,28.958,-88.199,23:53,00:22,00:29,666,1049,,450,750,meters,MOC10,3,21536,,Non-standard,Upcast,650-450 M DEPTH,,DSB1_006,FALSE
6_4,6,DSB,DSB1,VKD,Night,4,DSB1-090924-MOC10-VKDN-006-N4,09Sep24,September,29.046,-88.294,28.958,-88.199,00:22,01:20,00:58,666,1049,,350,450,meters,MOC10,3,45743,,Non-standard,Tow-yo,450-350 M DEPTH,,DSB1_006,FALSE
6_5,6,DSB,DSB1,VKD,Night,5,DSB1-090924-MOC10-VKDN-006-N5,09Sep24,September,29.046,-88.294,28.958,-88.199,01:20,02:31,00:81,666,1049,,0,350,meters,MOC10,3,57510,,Non-standard,Upcast,350-0 M DEPTH,,DSB1_006,FALSE
7_0,7,DSB,DSB1,DCS,Day,0,DSB1-091324-MOC10-DCSD-007-N0,13Sep24,September,29.487,-87.474,29.419,-87.399,14:30,14:57,00:27,71,360,,0,50,meters,MOC10,3,18240,Volume,Non-standard,Tow-yo,0-50 M DEPTH,,DSB1_007,TRUE
7_1,7,DSB,DSB1,DCS,Day,1,DSB1-091324-MOC10-DCSD-007-N1,13Sep24,September,29.487,-87.474,29.419,-87.399,14:57,15:23,00:26,71,360,,50,150,meters,MOC10,3,17177,Volume,Non-standard,Downcast,"50-150 M DEPTH, targetting bottom layer after shallow 85m, escarpment and downslope (N1>50m)",,DSB1_007,TRUE
7_2,7,DSB,DSB1,DCS,Day,2,DSB1-091324-MOC10-DCSD-007-N2,13Sep24,September,29.487,-87.474,29.419,-87.399,15:23,15:37,00:14,71,360,,150,200,meters,MOC10,3,8743,Volume,Non-standard,Downcast,150-200 M DEPTH,,DSB1_007,TRUE
7_3,7,DSB,DSB1,DCS,Day,3,DSB1-091324-MOC10-DCSD-007-N3,13Sep24,September,29.487,-87.474,29.419,-87.399,15:37,16:04,00:27,71,360,,200,250,meters,MOC10,3,18319,Volume,Non-standard,Tow-yo,200-250-200 M DEPTH,,DSB1_007,TRUE
7_4,7,DSB,DSB1,DCS,Day,4,DSB1-091324-MOC10-DCSD-007-N4,13Sep24,September,29.487,-87.474,29.419,-87.399,16:04,16:56,00:52,71,360,,200,100,meters,MOC10,3,37813,Volume,Non-standard,Tow-yo,200-100 M DEPTH,,DSB1_007,TRUE
7_5,7,DSB,DSB1,DCS,Day,5,DSB1-091324-MOC10-DCSD-007-N5,13Sep24,September,29.487,-87.474,29.419,-87.399,16:56,17:16,00:20,71,360,,100,0,meters,MOC10,3,13011,Volume,Non-standard,Upcast,100-0 M DEPTH,,DSB1_007,TRUE
8_0,8,DSB,DSB1,DCM,Day,0,DSB1-091424-MOC10-DCMD-008-N0,14Sep24,September,29.418,-87.386,29.218,-87.264,10:22,11:00,00:38,368,712,,0,275,meters,MOC10,3,24929,Volume,Non-standard,Downcast,0-275 M DEPTH,,DSB1_008,TRUE
8_1,8,DSB,DSB1,DCM,Day,1,DSB1-091424-MOC10-DCMD-008-N1,14Sep24,September,29.418,-87.386,29.218,-87.264,11:00,11:53,00:53,368,712,,275,390,meters,MOC10,3,33700,Volume,Non-standard,Tow-yo,275-390 M DEPTH,,DSB1_008,TRUE
8_2,8,DSB,DSB1,DCM,Day,2,DSB1-091424-MOC10-DCMD-008-N2,14Sep24,September,29.418,-87.386,29.218,-87.264,11:53,12:39,00:46,368,712,,300,390,meters,MOC10,3,30187,Volume,Non-standard,Tow-yo,"390-450 M DEPTH, turned at 350m, came up to 340 due to current/vessel speed",,DSB1_008,TRUE
8_3,8,DSB,DSB1,DCM,Day,3,DSB1-091424-MOC10-DCMD-008-N3,14Sep24,September,29.418,-87.386,29.218,-87.264,12:39,13:48,00:69,368,712,,390,450,meters,MOC10,3,45846,Volume,Non-standard,Tow-yo,450-520 M DEPTH,,DSB1_008,TRUE
8_4,8,DSB,DSB1,DCM,Day,4,DSB1-091424-MOC10-DCMD-008-N4,14Sep24,September,29.418,-87.386,29.218,-87.264,13:48,14:56,00:68,368,712,,420,523,meters,MOC10,3,45936,Volume,Non-standard,Tow-yo,520-625 M DEPTH,,DSB1_008,TRUE
8_5,8,DSB,DSB1,DCM,Day,5,DSB1-091424-MOC10-DCMD-008-N5,14Sep24,September,29.418,-87.386,29.218,-87.264,14:56,16:17,00:81,368,712,,625,0,meters,MOC10,3,58308,Volume,Non-standard,Upcast,625-0 M DEPTH,,DSB1_008,TRUE
9_0,9,DSB,DSB1,DCO,Night,0,DSB1-091424-MOC10-DCON-009-N0,14Sep24,September,29.194,-87.102,29.069,-87.172,22:10,22:56,00:46,796,934,,0,100,meters,MOC10,3,28451,Volume,Non-standard,Tow-yo,0-100 M DEPTH,,DSB1_009,FALSE
9_1,9,DSB,DSB1,DCO,Night,1,DSB1-091424-MOC10-DCON-009-N1,14Sep24,September,29.194,-87.102,29.069,-87.172,22:56,00:06,00:70,796,934,,100,750,meters,MOC10,3,40985,Volume,Non-standard,Downcast,100-750 M DEPTH,,DSB1_009,FALSE
9_2,9,DSB,DSB1,DCO,Night,2,DSB1-091424-MOC10-DCON-009-N2,14Sep24,September,29.194,-87.102,29.069,-87.172,00:06,01:04,00:58,796,934,,650,750,meters,MOC10,3,37487,Volume,Non-standard,Tow-yo,750-650 M DEPTH,,DSB1_009,FALSE
9_3,9,DSB,DSB1,DCO,Night,3,DSB1-091424-MOC10-DCON-009-N3,14Sep24,September,29.194,-87.102,29.069,-87.172,01:04,01:27,00:23,796,934,,650,500,meters,MOC10,3,15647,Volume,Non-standard,Upcast,650-500 M DEPTH,,DSB1_009,FALSE
9_4,9,DSB,DSB1,DCO,Night,4,DSB1-091424-MOC10-DCON-009-N4,14Sep24,September,29.194,-87.102,29.069,-87.172,01:27,02:18,00:51,796,934,,400,500,meters,MOC10,3,34444,Volume,Non-standard,Tow-yo,"500-400 M DEPTH, N4 advanced manually with visual angle change",,DSB1_009,FALSE
9_5,9,DSB,DSB1,DCO,Night,5,DSB1-091424-MOC10-DCON-009-N5,14Sep24,September,29.194,-87.102,29.069,-87.172,02:18,03:21,00:63,796,934,,400,0,meters,MOC10,3,45334,Volume,Non-standard,Upcast,400-0 M DEPTH,,DSB1_009,FALSE
10_0,10,DSB,DSB1,DCO,Day,0,DSB1-091524-MOC10-DCOD-010-N0,15Sep24,September,29.19,-87.086,29.067,-87.174,10:06,10:43,00:37,808,938,,0,100,meters,MOC10,3,23359,Volume,Non-standard,Tow-yo,0-100 M DEPTH,,DSB1_010,FALSE
10_1,10,DSB,DSB1,DCO,Day,1,DSB1-091524-MOC10-DCOD-010-N1,15Sep24,September,29.19,-87.086,29.067,-87.174,10:43,11:53,00:70,808,938,,100,750,meters,MOC10,3,40389,Volume,Non-standard,Downcast,100-750 M DEPTH,,DSB1_010,FALSE
10_2,10,DSB,DSB1,DCO,Day,2,DSB1-091524-MOC10-DCOD-010-N2,15Sep24,September,29.19,-87.086,29.067,-87.174,11:53,12:48,00:55,808,938,,650,750,meters,MOC10,3,36566,Volume,Non-standard,Tow-yo,750-650 M DEPTH,,DSB1_010,FALSE
10_3,10,DSB,DSB1,DCO,Day,3,DSB1-091524-MOC10-DCOD-010-N3,15Sep24,September,29.19,-87.086,29.067,-87.174,12:48,13:06,00:18,808,938,,500,650,meters,MOC10,3,12197,Volume,Non-standard,Upcast,650-500 M DEPTH,,DSB1_010,FALSE
10_4,10,DSB,DSB1,DCO,Day,4,DSB1-091524-MOC10-DCOD-010-N4,15Sep24,September,29.19,-87.086,29.067,-87.174,13:06,14:06,00:60,808,938,,400,500,meters,MOC10,3,41922,Volume,Non-standard,Tow-yo,500-400 M DEPTH,,DSB1_010,FALSE
10_5,10,DSB,DSB1,DCO,Day,5,DSB1-091524-MOC10-DCOD-010-N5,15Sep24,September,29.19,-87.086,29.067,-87.174,14:06,15:15,00:70,808,938,,400,0,meters,MOC10,3,39595,Volume,Non-standard,Upcast,"400-0 M DEPTH, hanging off stern for video, flow goes crazy after that point, cut <5m depth",,DSB1_010,FALSE
11_0,11,DSB,DSB1,DCO,Night,0,DSB1-091524-MOC10-DCON-011-N0,15Sep24,September,29.193,-87.087,29.106,-87.138,22:45,23:42,00:57,829,927,,0,100,meters,MOC10,3,35962,Volume,Non-standard,Tow-yo,"0-100 M DEPTH, replicate of DSB epi. Profiles",,DSB1_011,FALSE
11_1,11,DSB,DSB1,DCO,Night,1,DSB1-091524-MOC10-DCON-011-N1,15Sep24,September,29.193,-87.087,29.106,-87.138,23:42,00:57,00:75,829,927,,100,800,meters,MOC10,3,40174,Volume,Non-standard,Downcast,"100-800 M DEPTH, N2-5 similar to DEEPEND scheme",,DSB1_011,FALSE
11_2,11,DSB,DSB1,DCO,Night,2,DSB1-091524-MOC10-DCON-011-N2,15Sep24,September,29.193,-87.087,29.106,-87.138,00:57,01:25,00:28,829,927,,600,800,meters,MOC10,3,18730,Volume,Non-standard,Upcast,800-600 M DEPTH,,DSB1_011,FALSE
11_3,11,DSB,DSB1,DCO,Night,3,DSB1-091524-MOC10-DCON-011-N3,15Sep24,September,29.193,-87.087,29.106,-87.138,01:25,01:45,00:20,829,927,,400,600,meters,MOC10,3,14014,Volume,Binnable,Upcast,600-400 M DEPTH,,DSB1_011,FALSE
11_4,11,DSB,DSB1,DCO,Night,4,DSB1-091524-MOC10-DCON-011-N4,15Sep24,September,29.193,-87.087,29.106,-87.138,01:45,02:03,00:18,829,927,,200,400,meters,MOC10,3,13458,Volume,Binnable,Upcast,400-200 M DEPTH,,DSB1_011,FALSE
11_5,11,DSB,DSB1,DCO,Night,5,DSB1-091524-MOC10-DCON-011-N5,15Sep24,September,29.193,-87.087,29.106,-87.138,02:03,02:30,00:27,829,927,,0,200,meters,MOC10,3,18953,Volume,Standard,Upcast,200-0 M DEPTH,,DSB1_011,FALSE
12_0,12,DSB,DSB1,DCD,Day,0,DSB1-091624-MOC10-DCDD-012-N0,16Sep24,September,29.306,-87.244,29.217,-87.125,10:12,11:21,00:69,684,802,,0,590,meters,MOC10,3,44097,Volume,Non-standard,Downcast,"0-590 M DEPTH, evidence in catch that it grazed the bottom",,DSB1_012,TRUE
12_1,12,DSB,DSB1,DCD,Day,1,DSB1-091624-MOC10-DCDD-012-N1,16Sep24,September,29.306,-87.244,29.217,-87.125,11:21,12:02,00:41,684,802,,590,705,meters,MOC10,3,26315,Volume,Non-standard,Tow-yo,"590-705 M DEPTH, evidence in catch that it likely hit bottom (blind lobster)",,DSB1_012,TRUE
12_2,12,DSB,DSB1,DCD,Day,2,DSB1-091624-MOC10-DCDD-012-N2,16Sep24,September,29.306,-87.244,29.217,-87.125,12:02,12:29,00:27,684,802,,675,715,meters,MOC10,3,19247,Volume,Non-standard,Tow-yo,"705-680 M DEPTH, targetted acoustic ""gap"" below diffuse layer",,DSB1_012,TRUE
12_3,12,DSB,DSB1,DCD,Day,3,DSB1-091624-MOC10-DCDD-012-N3,16Sep24,September,29.306,-87.244,29.217,-87.125,12:29,13:23,00:54,684,802,,620,728,meters,MOC10,3,37640,Volume,Non-standard,Tow-yo,680-625 M DEPTH,,DSB1_012,TRUE
12_4,12,DSB,DSB1,DCD,Day,4,DSB1-091624-MOC10-DCDD-012-N4,16Sep24,September,29.306,-87.244,29.217,-87.125,13:23,14:20,00:57,684,802,,625,745,meters,MOC10,3,42679,Volume,Non-standard,Tow-yo,625-650 M DEPTH,,DSB1_012,TRUE
12_5,12,DSB,DSB1,DCD,Day,5,DSB1-091624-MOC10-DCDD-012-N5,16Sep24,September,29.306,-87.244,29.217,-87.125,14:20,15:43,00:83,684,802,,650,0,meters,MOC10,3,52520,Volume,Non-standard,Upcast,650-0 M DEPTH,,DSB1_012,TRUE
13_0,13,DSB,DSB1,VKU,Night,0,DSB1-091624-MOC10-VKUN-013-N0,16Sep24,September,29.139,-88.372,29.086,-88.274,01:37,02:19,00:46,306,550,,0,100,meters,MOC10,3,0,Non-quantitative,Non-standard,Tow-yo,0-100 M DEPTH,,DSB1_013,FALSE
13_1,13,DSB,DSB1,VKU,Night,1,DSB1-091624-MOC10-VKUN-013-N1,16Sep24,September,29.139,-88.372,29.086,-88.274,02:19,02:55,00:36,306,550,,100,290,meters,MOC10,3,0,Non-quantitative,Non-standard,Downcast,100-290 M DEPTH,,DSB1_013,FALSE
13_2,13,DSB,DSB1,VKU,Night,2,DSB1-091624-MOC10-VKUN-013-N2,16Sep24,September,29.139,-88.372,29.086,-88.274,02:55,03:18,00:23,306,550,,290,340,meters,MOC10,3,0,Non-quantitative,Non-standard,Tow-yo,290-340 M DEPTH,,DSB1_013,FALSE
13_3,13,DSB,DSB1,VKU,Night,3,DSB1-091624-MOC10-VKUN-013-N3,16Sep24,September,29.139,-88.372,29.086,-88.274,03:18,03:46,00:28,306,550,,340,390,meters,MOC10,3,0,Non-quantitative,Non-standard,Tow-yo,340-390 M DEPTH,,DSB1_013,FALSE
13_4,13,DSB,DSB1,VKU,Night,4,DSB1-091624-MOC10-VKUN-013-N4,16Sep24,September,29.139,-88.372,29.086,-88.274,03:46,04:19,00:33,306,550,,390,450,meters,MOC10,3,0,Non-quantitative,Non-standard,Tow-yo,390-450 M DEPTH,,DSB1_013,FALSE
13_5,13,DSB,DSB1,VKU,Night,5,DSB1-091624-MOC10-VKUN-013-N5,16Sep24,September,29.139,-88.372,29.086,-88.274,04:19,05:40,00:99,306,550,,450,0,meters,MOC10,3,0,Non-quantitative,Non-standard,Upcast,450-0 M DEPTH,,DSB1_013,FALSE
14_1,14,DSB,DSB2,VKM,Night,1,DSB2-19AUG25-MOC10-VKMN-014-N1,19Aug25,August,29.1866,-88.4071,29.1032,-88.3687,23:50,00:16,00:26,186,356,,50,100,meters,MOC10,3,18881,Volume,Non-standard,Tow-yo,50-100m,,DSB2_014,FALSE
14_2,14,DSB,DSB2,VKM,Night,2,DSB2-19AUG25-MOC10-VKMN-014-N2,19Aug25,August,29.1866,-88.4071,29.1032,-88.3687,00:16,01:06,00:50,186,356,,100,200,meters,MOC10,3,34467,Volume,Non-standard,Tow-yo,100-200m,,DSB2_014,FALSE
14_3,14,DSB,DSB2,VKM,Night,3,DSB2-19AUG25-MOC10-VKMN-014-N3,19Aug25,August,29.1866,-88.4071,29.1032,-88.3687,01:06,01:37,00:31,186,356,,200,250,meters,MOC10,3,21196,Volume,Non-standard,Tow-yo,200-250m,,DSB2_014,FALSE
14_4,14,DSB,DSB2,VKM,Night,4,DSB2-19AUG25-MOC10-VKMN-014-N4,19Aug25,August,29.1866,-88.4071,29.1032,-88.3687,01:37,02:08,00:31,186,356,,255,300,meters,MOC10,3,22747,Volume,Non-standard,Tow-yo,250-300m,,DSB2_014,FALSE
14_5,14,DSB,DSB2,VKM,Night,5,DSB2-19AUG25-MOC10-VKMN-014-N5,19Aug25,August,29.1866,-88.4071,29.1032,-88.3687,02:08,02:41,00:33,186,356,,0,300,meters,MOC10,3,26803,Volume,Non-standard,Upcast,300-0m,,DSB2_014,FALSE
14_0,14,DSB,DSB2,VKM,Night,0,DSB2-19AUG25-MOC10-VKMN-014-N0,19Aug25,August,29.1866,-88.4071,29.1032,-88.3687,23:20,23:50,00:30,186,356,,0,50,meters,MOC10,3,17251,Volume,Non-standard,Tow-yo,0-50 m; large rip in net upon retrieval,,DSB2_014,FALSE
15_0,15,DSB,DSB2,VKM,Day,0,DSB2-20AUG25-MOC10-VKMD-015-N0,20Aug25,August,29.1852,-88.4073,29.1144,-88.3773,10:05,10:25,00:20,188,342,,0,50,meters,MOC10,3,12967,Volume,Non-standard,Tow-yo,0-50m,,DSB2_015,FALSE
15_1,15,DSB,DSB2,VKM,Day,1,DSB2-20AUG25-MOC10-VKMD-015-N1,20Aug25,August,29.1852,-88.4073,29.1144,-88.3773,10:25,10:46,00:21,188,342,,50,100,meters,MOC10,3,14013,Volume,Non-standard,Tow-yo,50-100m,,DSB2_015,FALSE
15_2,15,DSB,DSB2,VKM,Day,2,DSB2-20AUG25-MOC10-VKMD-015-N2,20Aug25,August,29.1852,-88.4073,29.1144,-88.3773,10:46,11:30,00:44,188,342,,100,200,meters,MOC10,3,30298,Volume,Non-standard,Tow-yo,100-200m,,DSB2_015,FALSE
15_3,15,DSB,DSB2,VKM,Day,3,DSB2-20AUG25-MOC10-VKMD-015-N3,20Aug25,August,29.1852,-88.4073,29.1144,-88.3773,11:30,11:54,00:24,188,342,,200,245,meters,MOC10,3,16480,Volume,Non-standard,Tow-yo,200-245m,,DSB2_015,FALSE
15_4,15,DSB,DSB2,VKM,Day,4,DSB2-20AUG25-MOC10-VKMD-015-N4,20Aug25,August,29.1852,-88.4073,29.1144,-88.3773,11:54,12:16,00:22,188,342,,245,270,meters,MOC10,3,16553,Volume,Non-standard,Tow-yo,245-270m,,DSB2_015,FALSE
15_5,15,DSB,DSB2,VKM,Day,5,DSB2-20AUG25-MOC10-VKMD-015-N5,20Aug25,August,29.1852,-88.4073,29.1144,-88.3773,12:16,12:57,00:41,188,342,,0,270,meters,MOC10,3,34373,Volume,Non-standard,Upcast,270-0m,,DSB2_015,FALSE
16_0,16,DSB,DSB2,VKU,Night,0,DSB2-20AUG25-MOC10-VKUN-016-N0,20Aug25,August,29.1354,-88.3701,29.0482,-88.3174,22:35,23:20,00:45,305,621,,0,100,meters,MOC10,3,30202,Volume,Non-standard,Tow-yo,0-100m,,DSB2_016,FALSE
16_1,16,DSB,DSB2,VKU,Night,1,DSB2-20AUG25-MOC10-VKUN-016-N1,20Aug25,August,29.1354,-88.3701,29.0482,-88.3174,23:20,00:04,00:44,305,621,,100,360,meters,MOC10,3,27680,Volume,Non-standard,Tow-yo,100-360m,,DSB2_016,FALSE
16_2,16,DSB,DSB2,VKU,Night,2,DSB2-20AUG25-MOC10-VKUN-016-N2,20Aug25,August,29.1354,-88.3701,29.0482,-88.3174,00:04,00:25,00:21,305,621,,360,387,meters,MOC10,3,15193,Volume,Non-standard,Tow-yo,360-365m,,DSB2_016,FALSE
16_3,16,DSB,DSB2,VKU,Night,3,DSB2-20AUG25-MOC10-VKUN-016-N3,20Aug25,August,29.1354,-88.3701,29.0482,-88.3174,00:25,00:51,00:21,305,621,,365,435,meters,MOC10,3,19445,Volume,Non-standard,Tow-yo,365-435m,,DSB2_016,FALSE
16_4,16,DSB,DSB2,VKU,Night,4,DSB2-20AUG25-MOC10-VKUN-016-N4,20Aug25,August,29.1354,-88.3701,29.0482,-88.3174,00:51,01:19,00:30,305,621,,410,460,meters,MOC10,3,22373,Volume,Non-standard,Tow-yo,435-410m,,DSB2_016,FALSE
16_5,16,DSB,DSB2,VKU,Night,5,DSB2-20AUG25-MOC10-VKUN-016-N5,20Aug25,August,29.1354,-88.3701,29.0482,-88.3174,01:19,02:23,01:04,305,621,,0,410,meters,MOC10,3,54302,Volume,Non-standard,Upcast,410-0m,,DSB2_016,FALSE
17_0,17,DSB,DSB2,VKU,Day,0,DSB2-21AUG25-MOC10-VKUD-017-N0,21Aug25,August,29.1373,-88.3699,29.0549,-88.3128,10:21,11:09,00:38,302,600,,0,100,meters,MOC10,3,31724,Volume,Non-standard,Tow-yo,0-100m,,DSB2_017,FALSE
17_1,17,DSB,DSB2,VKU,Day,1,DSB2-21AUG25-MOC10-VKUD-017-N1,21Aug25,August,29.1373,-88.3699,29.0549,-88.3128,11:09,11:44,00:35,302,600,,100,350,meters,MOC10,3,21552,Volume,Non-standard,Tow-yo,100-350m,,DSB2_017,FALSE
17_2,17,DSB,DSB2,VKU,Day,2,DSB2-21AUG25-MOC10-VKUD-017-N2,21Aug25,August,29.1373,-88.3699,29.0549,-88.3128,11:44,12:04,00:20,302,600,,325,370,meters,MOC10,3,13265,Volume,Non-standard,Tow-yo,350-335m,,DSB2_017,FALSE
17_3,17,DSB,DSB2,VKU,Day,3,DSB2-21AUG25-MOC10-VKUD-017-N3,21Aug25,August,29.1373,-88.3699,29.0549,-88.3128,12:04,12:33,00:24,302,600,,335,430,meters,MOC10,3,20789,Volume,Non-standard,Tow-yo,335-430m,,DSB2_017,FALSE
17_4,17,DSB,DSB2,VKU,Day,4,DSB2-21AUG25-MOC10-VKUD-017-N4,21Aug25,August,29.1373,-88.3699,29.0549,-88.3128,12:33,13:00,00:27,302,600,,405,455,meters,MOC10,3,20052,Volume,Non-standard,Tow-yo,430-405m,,DSB2_017,FALSE
17_5,17,DSB,DSB2,VKU,Day,5,DSB2-21AUG25-MOC10-VKUD-017-N5,21Aug25,August,29.1373,-88.3699,29.0549,-88.3128,13:00,13:55,00:55,302,600,,0,405,meters,MOC10,3,46545,Volume,Non-standard,Upcast,405-0m,,DSB2_017,FALSE
18_0,18,DSB,DSB2,VKD,Night,0,DSB2-21AUG25-MOC10-VKDN-018-N0,21Aug25,August,29.0745,-88.3271,28.9693,-88.2945,21:30,22:29,00:59,512,1035,,0,575,meters,MOC10,3,32974,Volume,Non-standard,Downcast,0-575m,,DSB2_018,FALSE
18_1,18,DSB,DSB2,VKD,Night,1,DSB2-21AUG25-MOC10-VKDN-018-N1,21Aug25,August,29.0745,-88.3271,28.9693,-88.2945,22:29,22:51,00:20,512,1035,,540,615,meters,MOC10,3,14643,Volume,Non-standard,Tow-yo,575-615m,,DSB2_018,FALSE
18_2,18,DSB,DSB2,VKD,Night,2,DSB2-21AUG25-MOC10-VKDN-018-N2,21Aug25,August,29.0745,-88.3271,28.9693,-88.2945,22:51,23:19,00:28,512,1035,,580,660,meters,MOC10,3,17677,Volume,Non-standard,Tow-yo,615-660m,,DSB2_018,FALSE
18_3,18,DSB,DSB2,VKD,Night,3,DSB2-21AUG25-MOC10-VKDN-018-N3,21Aug25,August,29.0745,-88.3271,28.9693,-88.2945,23:19,23:50,00:31,512,1035,,625,705,meters,MOC10,3,20756,Volume,Non-standard,Tow-yo,"660-700m, hit the bottom but no benthic samples",,DSB2_018,FALSE
18_4,18,DSB,DSB2,VKD,Night,4,DSB2-21AUG25-MOC10-VKDN-018-N4,21Aug25,August,29.0745,-88.3271,28.9693,-88.2945,23:50,01:02,01:12,512,1035,,100,705,meters,MOC10,3,62274,Volume,Non-standard,Upcast,700-100m,,DSB2_018,FALSE
18_5,18,DSB,DSB2,VKD,Night,5,DSB2-21AUG25-MOC10-VKDN-018-N5,21Aug25,August,29.0745,-88.3271,28.9693,-88.2945,01:02,01:49,00:47,512,1035,,0,100,meters,MOC10,3,36168,Volume,Non-standard,Tow-yo,100-0m,,DSB2_018,FALSE
19_0,19,DSB,DSB2,VKD,Day,0,DSB2-22AUG25-MOC10-VKDD-019-N0,22Aug25,August,29.0755,-88.3276,28.9684,-88.2917,09:40,10:29,00:49,509,1036,,0,535,meters,MOC10,3,25494,Volume,Non-standard,Downcast,0-535m,,DSB2_019,FALSE
19_1,19,DSB,DSB2,VKD,Day,1,DSB2-22AUG25-MOC10-VKDD-019-N1,22Aug25,August,29.0755,-88.3276,28.9684,-88.2917,10:29,11:01,00:32,509,1036,,500,590,meters,MOC10,3,20856,Volume,Non-standard,Tow-yo,535-590m,,DSB2_019,FALSE
19_2,19,DSB,DSB2,VKD,Day,2,DSB2-22AUG25-MOC10-VKDD-019-N2,22Aug25,August,29.0755,-88.3276,28.9684,-88.2917,11:01,11:30,00:29,509,1036,,555,635,meters,MOC10,3,19214,Volume,Non-standard,Tow-yo,590-535m,,DSB2_019,FALSE
19_3,19,DSB,DSB2,VKD,Day,4,DSB2-22AUG25-MOC10-VKDD-019-N4,22Aug25,August,29.0755,-88.3276,28.9684,-88.2917,11:59,13:21,01:22,509,1036,,100,685,meters,MOC10,3,69471,Volume,Non-standard,Upcast,685-100m,,DSB2_019,FALSE
19_4,19,DSB,DSB2,VKD,Day,5,DSB2-22AUG25-MOC10-VKDD-019-N5,22Aug25,August,29.0755,-88.3276,28.9684,-88.2917,13:21,13:59,00:38,509,1036,,0,100,meters,MOC10,3,28983,Volume,Non-standard,Tow-yo,100-0m,,DSB2_019,FALSE
19_5,19,DSB,DSB2,VKD,Day,3,DSB2-22AUG25-MOC10-VKDD-019-N3,22Aug25,August,29.0755,-88.3276,28.9684,-88.2917,11:30,11:59,00:29,509,1036,,595,685,meters,MOC10,3,20258,Volume,Non-standard,Tow-yo,535-685m,,DSB2_019,FALSE
20_0,20,DSB,DSB2,DCO,Night,0,DSB2-22AUG25-MOC10-DCON-020-N0,22Aug25,August,29.1897,-87.1056,29.0999,-87.1761,22:00,00:08,02:08,808,949,,0,800,meters,MOC10,3,32257,Volume,Non-standard,Tow-yo,0-800m,,DSB2_020,FALSE
20_1,20,DSB,DSB2,DCO,Night,1,DSB2-22AUG25-MOC10-DCON-020-N1,22Aug25,August,29.1897,-87.1056,29.0999,-87.1761,00:08,00:31,00:23,808,949,,600,800,meters,MOC10,3,17212,Volume,Non-standard,Upcast,800-600m; delayed fire,,DSB2_020,FALSE
20_2,20,DSB,DSB2,DCO,Night,2,DSB2-22AUG25-MOC10-DCON-020-N2,22Aug25,August,29.1897,-87.1056,29.0999,-87.1761,00:31,07:00,00:29,808,949,,400,600,meters,MOC10,3,22556,Volume,Binnable,Upcast,600-400m,,DSB2_020,FALSE
20_3,20,DSB,DSB2,DCO,Night,3,DSB2-22AUG25-MOC10-DCON-020-N3,22Aug25,August,29.1897,-87.1056,29.0999,-87.1761,01:00,01:27,00:27,808,949,,200,400,meters,MOC10,3,22551,Volume,Binnable,Upcast,400-200m,,DSB2_020,FALSE
20_4,20,DSB,DSB2,DCO,Night,4,DSB2-22AUG25-MOC10-DCON-020-N4,22Aug25,August,29.1897,-87.1056,29.0999,-87.1761,01:27,01:54,00:27,808,949,,0,200,meters,MOC10,3,22812,Volume,Standard,Upcast,200-0m,,DSB2_020,FALSE
20_5,20,DSB,DSB2,DCO,Night,5,DSB2-22AUG25-MOC10-DCON-020-N5,22Aug25,August,29.1897,-87.1056,29.0999,-87.1761,01:54,02:24,00:30,808,949,,0,100,meters,MOC10,3,23604,Volume,Non-standard,Tow-yo,"0-0m (max depth 100, oblique tow)",,DSB2_020,FALSE
21_0,21,DSB,DSB2,DCM,Day,0,DSB2-23AUG25-MOC10-DCMD-021-N0,23Aug25,August,29.4171,-87.3862,29.3291,-87.3153,09:37,10:29,00:52,373,635,,0,370,meters,MOC10,3,33264,Volume,Non-standard,Downcast,0-370m,,DSB2_021,FALSE
21_1,21,DSB,DSB2,DCM,Day,1,DSB2-23AUG25-MOC10-DCMD-021-N1,23Aug25,August,29.4171,-87.3862,29.3291,-87.3153,10:29,11:03,00:34,373,635,,320,405,meters,MOC10,3,24629,Volume,Non-standard,Tow-yo,370-405m,,DSB2_021,FALSE
21_2,21,DSB,DSB2,DCM,Day,2,DSB2-23AUG25-MOC10-DCMD-021-N2,23Aug25,August,29.4171,-87.3862,29.3291,-87.3153,11:03,11:33,00:30,373,635,,360,440,meters,MOC10,3,21930,Volume,Non-standard,Tow-yo,405-440m,,DSB2_021,FALSE
21_3,21,DSB,DSB2,DCM,Day,3,DSB2-23AUG25-MOC10-DCMD-021-N3,23Aug25,August,29.4171,-87.3862,29.3291,-87.3153,11:33,12:03,00:30,373,635,,390,475,meters,MOC10,3,23043,Volume,Non-standard,Tow-yo,440-475m,,DSB2_021,FALSE
21_4,21,DSB,DSB2,DCM,Day,4,DSB2-23AUG25-MOC10-DCMD-021-N4,23Aug25,August,29.4171,-87.3862,29.3291,-87.3153,12:03,12:39,00:36,373,635,,425,525,meters,MOC10,3,27300,Volume,Non-standard,Tow-yo,475-525m,,DSB2_021,FALSE
21_5,21,DSB,DSB2,DCM,Day,5,DSB2-23AUG25-MOC10-DCMD-021-N5,23Aug25,August,29.4171,-87.3862,29.3291,-87.3153,12:39,13:41,01:02,373,635,,0,525,meters,MOC10,3,53272,Volume,Non-standard,Upcast,525-0m,,DSB2_021,FALSE
22_0,22,DSB,DSB2,DCD,Day,0,DSB2-24AUG25-MOC10-DCDD-022-N0,24Aug25,August,29.3063,-87.2444,29.1976,-87.1947,09:30,10:37,01:07,666,820,,0,660,meters,MOC10,3,39143,Volume,Non-standard,Downcast,0-660m,,DSB2_022,FALSE
22_1,22,DSB,DSB2,DCD,Day,1,DSB2-24AUG25-MOC10-DCDD-022-N1,24Aug25,August,29.3063,-87.2444,29.1976,-87.1947,10:37,11:08,00:31,666,820,,610,670,meters,MOC10,3,21926,Volume,Non-standard,Tow-yo,660-670m,,DSB2_022,FALSE
22_2,22,DSB,DSB2,DCD,Day,2,DSB2-24AUG25-MOC10-DCDD-022-N2,24Aug25,August,29.3063,-87.2444,29.1976,-87.1947,11:08,11:39,00:31,666,820,,620,695,meters,MOC10,3,22566,Volume,Non-standard,Tow-yo,670-685m,,DSB2_022,FALSE
22_3,22,DSB,DSB2,DCD,Day,3,DSB2-24AUG25-MOC10-DCDD-022-N3,24Aug25,August,29.3063,-87.2444,29.1976,-87.1947,11:39,12:15,00:36,666,820,,635,713,meters,MOC10,3,26709,Volume,Non-standard,Tow-yo,685-713m,,DSB2_022,FALSE
22_4,22,DSB,DSB2,DCD,Day,4,DSB2-24AUG25-MOC10-DCDD-022-N4,24Aug25,August,29.3063,-87.2444,29.1976,-87.1947,12:15,,,666,820,,0,725,meters,MOC10,3,0,Non-quantitative,Non-standard,Tow-yo,"713 to unknown depth, MEAT",,DSB2_022,FALSE
22_5,22,DSB,DSB2,DCD,Day,5,DSB2-24AUG25-MOC10-DCDD-022-N5,24Aug25,August,29.3063,-87.2444,29.1976,-87.1947,,,,666,820,,,,meters,MOC10,3,0,Non-quantitative,Non-standard,Upcast,"unknown time fired and unknown depth interval, MEAT",,DSB2_022,FALSE
23_0,23,DSB,DSB2,DCS,Day,0,DSB2-25AUG25-MOC10-DCSD-023-N0,25Aug25,August,29.4855,-87.4741,29.4479,-87.4178,11:15,11:59,00:49,72,302,,0,75,meters,MOC10,3,30592,Volume,Non-standard,Tow-yo,"0-75m, Net 4 & 5 not fished",,DSB2_023,FALSE
23_1,23,DSB,DSB2,DCS,Day,1,DSB2-25AUG25-MOC10-DCSD-023-N1,25Aug25,August,29.4855,-87.4741,29.4479,-87.4178,11:59,12:40,00:41,72,302,,75,190,meters,MOC10,3,28668,Volume,Non-standard,Tow-yo,"75-190m, Net 4 & 5 not fished",,DSB2_023,FALSE
23_2,23,DSB,DSB2,DCS,Day,2,DSB2-25AUG25-MOC10-DCSD-023-N2,25Aug25,August,29.4855,-87.4741,29.4479,-87.4178,12:40,13:07,00:27,72,302,,190,240,meters,MOC10,3,19585,Volume,Non-standard,Tow-yo,"190-240m, Net 4 & 5 not fished",,DSB2_023,FALSE
23_3,23,DSB,DSB2,DCS,Day,3,DSB2-25AUG25-MOC10-DCSD-023-N3,25Aug25,August,29.4855,-87.4741,29.4479,-87.4178,13:07,13:36,00:29,72,302,,0,240,meters,MOC10,3,24309,Volume,Non-standard,Upcast,"240-0m, Net 4 & 5 not fished",,DSB2_023,FALSE
23_4,23,DSB,DSB2,DCS,Day,4,DSB2-25AUG25-MOC10-DCSD-023-N4,25Aug25,August,29.4855,-87.4741,29.4479,-87.4178,,,,0,0,,,,meters,MOC10,,0,No sample taken,NA,NA,Net 4 & 5 not fished,,DSB2_023,FALSE
23_5,23,DSB,DSB2,DCS,Day,5,DSB2-25AUG25-MOC10-DCSD-023-N5,25Aug25,August,29.4855,-87.4741,29.4479,-87.4178,,,,0,0,,,,meters,MOC10,,0,No sample taken,NA,NA,Net 4 & 5 not fished,,DSB2_023,FALSE
24_0,24,DSB,DSB2,DCS,Day,0,DSB2-25AUG25-MOC10-DCSD2-024-N0,25Aug25,August,29.481,-87.4701,29.4535,-87.4316,14:28,15:04,00:36,75,270,,0,75,meters,MOC10,3,23819,Volume,Non-standard,Tow-yo,"0-75m, Net 5 not fished",,DSB2_024,FALSE
24_1,24,DSB,DSB2,DCS,Day,1,DSB2-25AUG25-MOC10-DCSD2-024-N1,25Aug25,August,29.481,-87.4701,29.4535,-87.4316,15:04,15:16,00:12,75,270,,75,110,meters,MOC10,3,8606,Volume,Non-standard,Tow-yo,"75-110m, Net 5 not fished",,DSB2_024,FALSE
24_2,24,DSB,DSB2,DCS,Day,2,DSB2-25AUG25-MOC10-DCSD2-024-N2,25Aug25,August,29.481,-87.4701,29.4535,-87.4316,15:16,15:33,00:17,75,270,,110,170,meters,MOC10,3,10923,Volume,Non-standard,Tow-yo,"110-170m, Net 5 not fished",,DSB2_024,FALSE
24_3,24,DSB,DSB2,DCS,Day,3,DSB2-25AUG25-MOC10-DCSD2-024-N3,25Aug25,August,29.481,-87.4701,29.4535,-87.4316,15:33,15:44,00:11,75,270,,170,190,meters,MOC10,3,7886,Volume,Non-standard,Tow-yo,"170-190m, Net 5 not fished",,DSB2_024,FALSE
24_4,24,DSB,DSB2,DCS,Day,4,DSB2-25AUG25-MOC10-DCSD2-024-N4,25Aug25,August,29.481,-87.4701,29.4535,-87.4316,15:44,16:07,00:28,75,270,,0,190,meters,MOC10,3,19839,Volume,Standard,Upcast,"190-0m, Net 5 not fished",,DSB2_024,FALSE
24_5,24,DSB,DSB2,DCS,Day,5,DSB2-25AUG25-MOC10-DCSD2-024-N5,25Aug25,August,29.481,-87.4701,29.4535,-87.4316,,,,0,0,,,,meters,MOC10,,0,No sample taken,NA,NA,Net 5 not fished,,DSB2_024,FALSE
25_0,25,DSB,DSB2,SMS,Night,0,DSB2-26AUG25-MOC10-SMSN-025-N0,26Aug25,August,27.8991,-91.4695,27.7976,-91.5398,22:13,22:27,00:14,183,264,,0,100,meters,MOC10,3,9067,Volume,Non-standard,Downcast,0-100m,,DSB2_025,FALSE
25_1,25,DSB,DSB2,SMS,Night,1,DSB2-26AUG25-MOC10-SMSN-025-N1,26Aug25,August,27.8991,-91.4695,27.7976,-91.5398,22:27,23:38,01:11,183,264,,100,210,meters,MOC10,3,51401,Volume,Non-standard,Tow-yo,100-150m,,DSB2_025,FALSE
25_2,25,DSB,DSB2,SMS,Night,2,DSB2-26AUG25-MOC10-SMSN-025-N2,26Aug25,August,27.8991,-91.4695,27.7976,-91.5398,23:38,01:03,00:25,183,264,,150,290,meters,MOC10,3,61821,Volume,Non-standard,Tow-yo,150-280m,,DSB2_025,FALSE
25_3,25,DSB,DSB2,SMS,Night,3,DSB2-26AUG25-MOC10-SMSN-025-N3,26Aug25,August,27.8991,-91.4695,27.7976,-91.5398,01:03,01:41,00:38,183,264,,280,410,meters,MOC10,3,28481,Volume,Non-standard,Tow-yo,280-350m,,DSB2_025,FALSE
25_4,25,DSB,DSB2,SMS,Night,4,DSB2-26AUG25-MOC10-SMSN-025-N4,26Aug25,August,27.8991,-91.4695,27.7976,-91.5398,01:41,02:17,00:36,183,264,,100,350,meters,MOC10,3,30053,Volume,Non-standard,Upcast,350-100m,,DSB2_025,FALSE
25_5,25,DSB,DSB2,SMS,Night,5,DSB2-26AUG25-MOC10-SMSN-025-N5,26Aug25,August,27.8991,-91.4695,27.7976,-91.5398,02:17,02:47,00:30,183,264,,0,100,meters,MOC10,3,24959,Volume,Non-standard,Tow-yo,100-350m,,DSB2_025,FALSE
26_0,26,DSB,DSB2,SMS,Day,0,DSB2-27AUG25-MOC10-SMSD-026-N0,27Aug25,August,27.9016,-91.463,27.7967,-91.5443,09:28,09:22,00:14,186,270,,0,100,meters,MOC10,3,9200,Volume,Non-standard,Downcast,0-100m,,DSB2_026,FALSE
26_1,26,DSB,DSB2,SMS,Day,1,DSB2-27AUG25-MOC10-SMSD-026-N1,27Aug25,August,27.9016,-91.463,27.7967,-91.5443,09:42,11:00,01:18,186,270,,100,215,meters,MOC10,3,55362,Volume,Non-standard,Tow-yo,100-215m,,DSB2_026,FALSE
26_2,26,DSB,DSB2,SMS,Day,2,DSB2-27AUG25-MOC10-SMSD-026-N2,27Aug25,August,27.9016,-91.463,27.7967,-91.5443,11:00,12:47,01:47,186,270,,100,300,meters,MOC10,3,75921,Volume,Non-standard,Tow-yo,215-310m,,DSB2_026,FALSE
26_3,26,DSB,DSB2,SMS,Day,3,DSB2-27AUG25-MOC10-SMSD-026-N3,27Aug25,August,27.9016,-91.463,27.7967,-91.5443,12:47,13:21,00:38,186,270,,310,420,meters,MOC10,3,25737,Volume,Non-standard,Tow-yo,310-350m,,DSB2_026,FALSE
26_4,26,DSB,DSB2,SMS,Day,4,DSB2-27AUG25-MOC10-SMSD-026-N4,27Aug25,August,27.9016,-91.463,27.7967,-91.5443,13:21,13:50,00:29,186,270,,100,350,meters,MOC10,3,24789,Volume,Non-standard,Upcast,350-100m,,DSB2_026,FALSE
26_5,26,DSB,DSB2,SMS,Day,5,DSB2-27AUG25-MOC10-SMSD-026-N5,27Aug25,August,27.9016,-91.463,27.7967,-91.5443,13:50,14:26,00:36,186,270,,0,100,meters,MOC10,3,29016,Volume,Non-standard,Tow-yo,100-0m,,DSB2_026,FALSE
27_0,27,DSB,DSB2,SMM,Night,0,DSB2-27AUG25-MOC10-SMMN-027-N0,27Aug25,August,27.788,-91.5589,27.7883,-91.4399,21:38,22:19,00:42,311,588,,0,100,meters,MOC10,3,27190,Volume,Non-standard,Tow-yo,0-100m,,DSB2_027,FALSE
27_1,27,DSB,DSB2,SMM,Night,1,DSB2-27AUG25-MOC10-SMMN-027-N1,27Aug25,August,27.788,-91.5589,27.7883,-91.4399,22:19,22:49,00:30,311,588,,100,325,meters,MOC10,3,17554,Volume,Non-standard,Downcast,100-325m,,DSB2_027,FALSE
27_2,27,DSB,DSB2,SMM,Night,2,DSB2-27AUG25-MOC10-SMMN-027-N2,27Aug25,August,27.788,-91.5589,27.7883,-91.4399,22:49,23:26,00:27,311,588,,325,425,meters,MOC10,3,25983,Volume,Non-standard,Tow-yo,325-425m,,DSB2_027,FALSE
27_3,27,DSB,DSB2,SMM,Night,3,DSB2-27AUG25-MOC10-SMMN-027-N3,27Aug25,August,27.788,-91.5589,27.7883,-91.4399,23:26,00:21,01:05,311,588,,425,525,meters,MOC10,3,41656,Volume,Non-standard,Tow-yo,"425-425m (max depth 540, oblique tow)",,DSB2_027,FALSE
27_4,27,DSB,DSB2,SMM,Night,4,DSB2-27AUG25-MOC10-SMMN-027-N4,27Aug25,August,27.788,-91.5589,27.7883,-91.4399,00:21,00:58,00:37,311,588,,100,425,meters,MOC10,3,31953,Volume,Non-standard,Upcast,450-100m,,DSB2_027,FALSE
27_5,27,DSB,DSB2,SMM,Night,5,DSB2-27AUG25-MOC10-SMMN-027-N5,27Aug25,August,27.788,-91.5589,27.7883,-91.4399,00:58,01:37,00:39,311,588,,0,100,meters,MOC10,3,30672,Volume,Non-standard,Tow-yo,100-0m,,DSB2_027,FALSE
28_0,28,DSB,DSB2,SMM,Day,0,DSB2-28AUG25-MOC10-SMMD-028-N0,28Aug25,August,27.7883,-91.5596,27.7867,-91.4334,09:30,10:09,00:39,310,586,,0,100,meters,MOC10,3,26446,Volume,Non-standard,Tow-yo,0-100m,,DSB2_028,FALSE
28_1,28,DSB,DSB2,SMM,Day,1,DSB2-28AUG25-MOC10-SMMD-028-N1,28Aug25,August,27.7883,-91.5596,27.7867,-91.4334,10:09,10:40,00:31,310,586,,100,325,meters,MOC10,3,20131,Volume,Non-standard,Downcast,100-325m,,DSB2_028,FALSE
28_2,28,DSB,DSB2,SMM,Day,2,DSB2-28AUG25-MOC10-SMMD-028-N2,28Aug25,August,27.7883,-91.5596,27.7867,-91.4334,10:40,11:10,00:30,310,586,,325,400,meters,MOC10,3,21228,Volume,Non-standard,Tow-yo,325-400m,,DSB2_028,FALSE
28_3,28,DSB,DSB2,SMM,Day,3,DSB2-28AUG25-MOC10-SMMD-028-N3,28Aug25,August,27.7883,-91.5596,27.7867,-91.4334,11:10,12:07,00:53,310,586,,400,500,meters,MOC10,3,45489,Volume,Non-standard,Tow-yo,"400-400m (max depth 500, oblique tow)",,DSB2_028,FALSE
28_4,28,DSB,DSB2,SMM,Day,4,DSB2-28AUG25-MOC10-SMMD-028-N4,28Aug25,August,27.7883,-91.5596,27.7867,-91.4334,12:07,12:50,00:43,310,586,,100,400,meters,MOC10,3,36295,Volume,Non-standard,Upcast,400-100m,,DSB2_028,FALSE
28_5,28,DSB,DSB2,SMM,Day,5,DSB2-28AUG25-MOC10-SMMD-028-N5,28Aug25,August,27.7883,-91.5596,27.7867,-91.4334,12:50,13:23,00:33,310,586,,0,100,meters,MOC10,3,27281,Volume,Non-standard,Tow-yo,100-0m,,DSB2_028,FALSE
29_0,29,DSB,DSB2,SMD,Night,0,DSB2-28AUG25-MOC10-SMDN-029-N0,28Aug25,August,27.766,-91.5635,27.738,-91.4265,22:04,23:13,00:49,399,804,,0,385,meters,MOC10,3,40927,Volume,Non-standard,Tow-yo,0-380m,,DSB2_029,FALSE
29_1,29,DSB,DSB2,SMD,Night,1,DSB2-28AUG25-MOC10-SMDN-029-N1,28Aug25,August,27.766,-91.5635,27.738,-91.4265,23:13,00:12,00:59,399,804,,380,550,meters,MOC10,3,41119,Volume,Non-standard,Tow-yo,380-550m,,DSB2_029,FALSE
29_2,29,DSB,DSB2,SMD,Night,2,DSB2-28AUG25-MOC10-SMDN-029-N2,28Aug25,August,27.766,-91.5635,27.738,-91.4265,00:12,00:48,00:41,399,804,,550,700,meters,MOC10,3,24321,Volume,Non-standard,Tow-yo,550-700m,,DSB2_029,FALSE
29_3,29,DSB,DSB2,SMD,Night,3,DSB2-28AUG25-MOC10-SMDN-029-N3,28Aug25,August,27.766,-91.5635,27.738,-91.4265,00:48,01:17,00:29,399,804,,700,760,meters,MOC10,3,22604,Volume,Non-standard,Tow-yo,"700-700m (max depth 760, oblique tow)",,DSB2_029,FALSE
29_4,29,DSB,DSB2,SMD,Night,4,DSB2-28AUG25-MOC10-SMDN-029-N4,28Aug25,August,27.766,-91.5635,27.738,-91.4265,01:17,02:20,01:03,399,804,,100,700,meters,MOC10,3,55795,Volume,Non-standard,Upcast,700-100m,,DSB2_029,FALSE
29_5,29,DSB,DSB2,SMD,Night,5,DSB2-28AUG25-MOC10-SMDN-029-N5,28Aug25,August,27.766,-91.5635,27.738,-91.4265,02:20,02:53,00:33,399,804,,0,100,meters,MOC10,3,27146,Volume,Non-standard,Tow-yo,100-0m,,DSB2_029,FALSE
30_0,30,DSB,DSB2,SMD,Day,0,DSB2-29AUG25-MOC10-SMDD-030-N0,29Aug25,August,27.7667,-91.5635,27.7185,-91.4209,10:23,11:28,01:05,395,835,,0,380,meters,MOC10,3,43846,Volume,Non-standard,Tow-yo,0-380m,,DSB2_030,FALSE
30_1,30,DSB,DSB2,SMD,Day,1,DSB2-29AUG25-MOC10-SMDD-030-N1,29Aug25,August,27.7667,-91.5635,27.7185,-91.4209,11:28,12:07,00:39,395,835,,380,550,meters,MOC10,3,27325,Volume,Non-standard,Tow-yo,380-550m,,DSB2_030,FALSE
30_2,30,DSB,DSB2,SMD,Day,2,DSB2-29AUG25-MOC10-SMDD-030-N2,29Aug25,August,27.7667,-91.5635,27.7185,-91.4209,12:07,12:48,00:51,395,835,,550,700,meters,MOC10,3,30003,Volume,Non-standard,Tow-yo,550-700m,,DSB2_030,FALSE
30_3,30,DSB,DSB2,SMD,Day,3,DSB2-29AUG25-MOC10-SMDD-030-N3,29Aug25,August,27.7667,-91.5635,27.7185,-91.4209,12:48,13:28,00:40,395,835,,700,780,meters,MOC10,3,30095,Volume,Non-standard,Tow-yo,"700-700m (max depth 780, oblique tow)",,DSB2_030,FALSE
30_4,30,DSB,DSB2,SMD,Day,4,DSB2-29AUG25-MOC10-SMDD-030-N4,29Aug25,August,27.7667,-91.5635,27.7185,-91.4209,13:28,14:25,00:57,395,835,,100,700,meters,MOC10,3,49554,Volume,Non-standard,Upcast,700-100m,,DSB2_030,FALSE
30_5,30,DSB,DSB2,SMD,Day,5,DSB2-29AUG25-MOC10-SMDD-030-N5,29Aug25,August,27.7667,-91.5635,27.7185,-91.4209,14:25,14:54,00:29,395,835,,0,100,meters,MOC10,3,24621,Volume,Non-standard,Tow-yo,100-0m,,DSB2_030,FALSE
31_0,31,DSB,DSB2,VKL,Night,0,DSB2-30AUG25-MOC10-VKLN-031-N0,30Aug25,August,29.1474,-88.3926,29.0656,-88.3636,21:24,21:52,00:31,267,521,,0,210,meters,MOC10,3,18747,Volume,Standard,Downcast,"0-210m, fished down",,DSB2_031,FALSE
31_1,31,DSB,DSB2,VKL,Night,1,DSB2-30AUG25-MOC10-VKLN-031-N1,30Aug25,August,29.1474,-88.3926,29.0656,-88.3636,21:52,22:42,00:50,267,521,,210,310,meters,MOC10,3,34579,Volume,Non-standard,Tow-yo,210-310m,,DSB2_031,FALSE
31_2,31,DSB,DSB2,VKL,Night,2,DSB2-30AUG25-MOC10-VKLN-031-N2,30Aug25,August,29.1474,-88.3926,29.0656,-88.3636,22:42,23:42,01:00,267,521,,250,320,meters,MOC10,3,44706,Volume,Non-standard,Tow-yo,310-270m,,DSB2_031,FALSE
31_3,31,DSB,DSB2,VKL,Night,3,DSB2-30AUG25-MOC10-VKLN-031-N3,30Aug25,August,29.1474,-88.3926,29.0656,-88.3636,23:42,00:10,00:28,267,521,,270,360,meters,MOC10,3,19740,Volume,Non-standard,Tow-yo,270-360m,,DSB2_031,FALSE
31_4,31,DSB,DSB2,VKL,Night,4,DSB2-30AUG25-MOC10-VKLN-031-N4,30Aug25,August,29.1474,-88.3926,29.0656,-88.3636,00:10,00:38,00:28,267,521,,100,360,meters,MOC10,3,23488,Volume,Non-standard,Tow-yo,360-100m,,DSB2_031,FALSE
31_5,31,DSB,DSB2,VKL,Night,5,DSB2-30AUG25-MOC10-VKLN-031-N5,30Aug25,August,29.1474,-88.3926,29.0656,-88.3636,00:38,01:13,00:35,267,521,,0,100,meters,MOC10,3,28954,Volume,Non-standard,Upcast,100-0m,,DSB2_031,FALSE
