Station,Ceph/Hetero/ptero,Species Original ID,N (number),ML/TL,Jar Label,Date,,,
DSB1-090724-MOC10-VKMM-002-N0,ceph,Abralia sp,1,,DSB0015,20240907,,,
DSB1-090824-MOC10-VKUN-004-N5,ceph,Abralia sp,1,8,DSB0081,20240908,,,
DSB1-091424-MOC10-DCMD-008-N2,ceph,Abralia sp,1,8,DSB0069,20240914,,,
DSB1-091424-MOC10-DCMD-008-N3,ceph,Abralia sp,1,8,DSB0070,20240914,,,
DSB1-090724-MOC10-VKMM-002-N1,ceph,Abralia veranyi,1,11,DSB0023,20240907,,,
DSB1-090924-MOC10-VKDD-005-N4,ceph,Abralia veranyi,1,11,DSB0112,20240909,,,
DSB1-091324-MOC10-DCSD-007-N2,ceph,Abralia veranyi,1,10,DSB0056,20240913,,,
DSB1-090924-MOC10-VKDN-006-N3,ceph,Bathothauma lyromma,1,35,DSB0046,20240909,,,
DSB1-091524-MOC10-DCON-011-N1,ceph,Bolitaena pygmaea,1,60,DSB0298,20240915,,,
DSB1-091524-MOC10-DCON-011-N4,ceph,Chiroteuthis joubini?,1,66,DSB0304,20240915,,,
DSB1-090724-MOC10-VKMD-001-N0,ceph,Cranchia scabra,1,23,DSB0002,20240907,,,
DSB1-090724-MOC10-VKMD-001-N2,ceph,Cranchia scabra,1,22,DSB0006,20240907,,,
DSB1-090724-MOC10-VKMM-002-N5,ceph,Cranchia scabra,1,50,DSB0030,20240907,,,
DSB1-090924-MOC10-VKDD-005-N5,ceph,Cranchia scabra,1,11,DSB0115,20240909,,,
DSB1-090924-MOC10-VKDD-005-N5,ceph,Cranchia scabra,1,8,DSB0115,20240909,,,
DSB1-090924-MOC10-VKDD-005-N5,ceph,Cranchia scabra,1,10,DSB0115,20240909,,,
DSB1-091624-MOC10-VKUN-013-N0,ceph,Cranchia scabra,1,24,DSB0321,20240916,,,
DSB1-091624-MOC10-VKUN-013-N0,ceph,Cranchia scabra,1,11,DSB0321,20240916,,,
DSB1-091624-MOC10-VKUN-013-N0,ceph,Cranchia scabra,1,9,DSB0321,20240916,,,
DSB1-090924-MOC10-VKDN-006-N5,ceph,Discoteuthis discus,1,26,DSB0050,20240909,,,
DSB1-091524-MOC10-DCOD-010-N1,ceph,Echinoteuthis atlantica,1,,DSB0281,20240915,,,
DSB1-091524-MOC10-DCOD-010-N1,ceph,Enoploteuthidae,1,,DSB0283,20240915,,,
DSB1-091624-MOC10-DCDD-012-N0,ceph,Enoploteuthidae,1,9,DSB0309,20240916,,,
DSB1-091424-MOC10-DCMD-008-N4,ceph,Helicocranchia pfefferi,1,35,DSB0072,20240914,,,
DSB1-091624-MOC10-DCDD-012-N4,ceph,Helicocranchia pfefferi,1,38,DSB0314,20240916,,,
DSB1-090924-MOC10-VKDD-005-N5,ceph,Helicocranchia sp,1,20,DSB0115,20240909,,,
DSB1-090924-MOC10-VKDN-006-N5,ceph,Helicocranchia sp,1,12,DSB0051,20240909,,,
DSB1-091624-MOC10-DCDD-012-N0,ceph,Heteroteuthis dagamensis,1,7,DSB0308,20240916,,,
DSB1-090924-MOC10-VKDD-005-N5,ceph,Heteroteuthis sp,1,9,DSB0114,20240909,,,
DSB1-090824-MOC10-VKUN-004-N3,ceph,Histioteuthidae,1,,DSB 0088,20240908,,,
DSB1-090824-MOC10-VKUN-004-N4,ceph,Japetella diaphana,1,14,DSB0089,20240908,,,
DSB1-090924-MOC10-VKDD-005-N2,ceph,Japetella diaphana,1,22,DSB0103,20240909,,,
DSB1-091424-MOC10-DCON-009-N2,ceph,Japetella diaphana,1,14,DSB0150,20240914,,,
DSB1-091424-MOC10-DCON-009-N3,ceph,Japetella diaphana,1,34,DSB0154,20240914,,,
DSB1-091624-MOC10-DCDD-012-N3,ceph,Japetella diaphana,1,25,DSB0313,20240916,,,
DSB1-091624-MOC10-DCDD-012-N4,ceph,Japetella diaphana,1,11,DSB0314,20240916,,,
DSB1-091524-MOC10-DCON-011-N2,ceph,Mastigoteuthis agassizii,1,20,DSB0301,20240915,,,
DSB1-090824-MOC10-VKUD-003-N5,ceph,Megalocranchia sp,1,25,DSB0082,20240908,,,
DSB1-090824-MOC10-VKUD-003-N0,ceph,Octopodidae,1,10,DSB0033,20240908,,,
DSB1-091624-MOC10-VKUN-013-N0,ceph,Octopoteuthidae,1,6,DSB0323,20240916,,,
DSB1-090924-MOC10-VKDD-005-N0,ceph,Octopoteuthis megaptera,1,26,DSB0095,20240909,,,
DSB1-090724-MOC10-VKMM-002-N1,ceph,Octopoteuthis sp,1,7,DSB0022,20240907,,,
DSB1-090724-MOC10-VKMD-001-N0,ceph,Ornithoteuthis antillarum,1,10,DSB0001,20240907,,,
DSB1-090724-MOC10-VKMD-001-N0,ceph,Ornithoteuthis antillarum,1,7,DSB0001,20240907,,,
DSB1-090724-MOC10-VKMD-001-N3,ceph,Ornithoteuthis antillarum,1,15,DSB0009,20240907,,,
DSB1-090824-MOC10-VKUD-003-N0,ceph,Ornithoteuthis antillarum,1,12,DSB0034,20240908,,,
DSB1-090924-MOC10-VKDD-005-N5,ceph,Ornithoteuthis antillarum,1,13,DSB0115,20240909,,,
DSB1-091624-MOC10-DCDD-012-N4,ceph,Pteroctopus tetracirrhus,1,20,DSB0315,20240916,,,
DSB1-090724-MOC10-VKMD-001-N3,ceph,Pterygioteuthis sp,1,14,DSB0010,20240907,,,
DSB1-091424-MOC10-DCMD-008-N5,ceph,Pterygioteuthis sp,1,8,DSB0074,20240914,,,
DSB1-091524-MOC10-DCOD-010-N2,ceph,Pterygioteuthis sp,1,12,DSB0287,20240915,,,
DSB1-091524-MOC10-DCON-011-N0,ceph,Pterygioteuthis sp,1,10,DSB0295,20240915,,,
DSB1-090924-MOC10-VKDN-006-N5,ceph,Pyroteuthis margaritifera,1,14,DSB0051,20240909,,,
DSB1-091424-MOC10-DCON-009-N0,ceph,Pyroteuthis margaritifera,1,6,DSB0078,20240914,,,
DSB1-091524-MOC10-DCON-011-N0,ceph,Pyroteuthis margaritifera,1,13,DSB0295,20240915,,,
DSB1-091524-MOC10-DCOD-010-N5,ceph,Selenoteuthis scintillans,1,12,DSB0292,20240915,,,
DSB1-091524-MOC10-DCON-011-N5,ceph,Selenoteuthis scintillans,1,9,DSB0307,20240915,,,
DSB1-090824-MOC10-VKUD-003-N4,ceph,Stigmatoteuthis arcturi,1,10,DSB0016,20240908,,,
DSB1-090824-MOC10-VKUD-003-N5,ceph,Stigmatoteuthis arcturi,1,9,DSB0018,20240908,,,
DSB1-090924-MOC10-VKDD-005-N3,ceph,Stigmatoteuthis arcturi,1,21,DSB0110,20240909,,,
DSB1-090924-MOC10-VKDD-005-N4,ceph,Stigmatoteuthis arcturi,1,5,DSB0112,20240909,,,
DSB1-090924-MOC10-VKDN-006-N4,ceph,Stigmatoteuthis arcturi,1,15,DSB0048,20240909,,,
DSB1-091624-MOC10-DCDD-012-N2,ceph,Taningia danae,1,56,DSB0312,20240916,,,
DSB1-090924-MOC10-VKDD-005-N2,ceph,Vampyroteuthis infernalis,1,12,DSB0102,20240909,,,
DSB1-090924-MOC10-VKDD-005-N2,ceph,Vampyroteuthis infernalis,1,6,DSB0109,20240909,,,
DSB1-091424-MOC10-DCON-009-N2,ceph,Vampyroteuthis infernalis,1,16,DSB0149,20240914,,,
DSB1-091424-MOC10-DCON-009-N2,ceph,Vampyroteuthis infernalis,1,8,DSB0150,20240914,,,
DSB1-091524-MOC10-DCOD-010-N1,ceph,Vampyroteuthis infernalis,1,,DSB0282,20240915,,,
DSB1-091524-MOC10-DCOD-010-N2,ceph,Vampyroteuthis infernalis,1,6,DSB0287,20240915,,,
DSB1-091524-MOC10-DCON-011-N2,ceph,Vampyroteuthis infernalis,1,10,DSB0301,20240915,,,
,,,,,,,,,
DSB2-19AUG25-MOC10-VKMN-014-N5,ceph,Abralia redfieldi,1,11,DSB0410,20250819,,,
DSB2-20AUG25-MOC10-VKMD-015-N1,ceph,Abralia redfieldi,1,9,DSB0415,20250820,,,
DSB2-20AUG25-MOC10-VKMD-015-N1,ceph,Abralia redfieldi,1,7,DSB0415,20250820,,,
DSB2-20AUG25-MOC10-VKMD-015-N1,ceph,Abralia redfieldi,1,6,DSB0415,20250820,,,
DSB2-20AUG25-MOC10-VKMD-015-N3,ceph,Pterygioteuthis sp,1,,DSB0424,20250820,,,
DSB2-20AUG25-MOC10-VKMD-015-N5,ceph,Lycoteuthis sp,1,6,DSB0422,20250820,,,
DSB2-20AUG25-MOC10-VKMD-015-N5,ceph,Taoniinae,1,18,DSB0423,20250820,,,
DSB2-20AUG25-MOC10-VKUN-016-N5,ceph,Pterygioteuthis sp,1,6,DSB0432,20250820,,,
DSB2-21AUG25-MOC10-VKDN-018-N0,ceph,Pterygioteuthis sp,1,6,DSB0459,20250821,,,
DSB2-21AUG25-MOC10-VKDN-018-N1,ceph,Stigmatoteuthis arcturi,1,71,DSB0460,20250821,,,
DSB2-21AUG25-MOC10-VKDN-018-N4,ceph,Ommastrephes bartramii,1,11,DSB0464,20250821,,,
DSB2-21AUG25-MOC10-VKDN-018-N5,ceph,Pterygioteuthis sp,1,9,DSB0465,20250821,,,
DSB2-21AUG25-MOC10-VKDN-018-N5,ceph,Pterygioteuthis sp,1,8,DSB0465,20250821,,,
DSB2-21AUG25-MOC10-VKUD-017-N1,ceph,Stigmatoteuthis arcturi,1,6,DSB0442,20250821,,,
DSB2-21AUG25-MOC10-VKUD-017-N5,ceph,Abralia redfieldi,1,12,DSB0451,20250821,,,
DSB2-21AUG25-MOC10-VKUD-017-N5,ceph,Chiroteuthis sp,1,50,DSB0452,20250821,,,
DSB2-21AUG25-MOC10-VKUD-017-N5,ceph,Taoniinae,1,21,DSB0454,20250821,,,
DSB2-22AUG25-MOC10-DCON-020-N1,ceph,Japetella diaphana,1,17,DSB0925,20250822,,,
DSB2-22AUG25-MOC10-DCON-020-N5,ceph,Taoniinae,1,17,DSB0932,20250822,,,
DSB2-22AUG25-MOC10-DCON-20-N1,ceph,Japetella diaphana,1,17,DSB0925,20250822,,,
DSB2-22AUG25-MOC10-DCON-20-N5,ceph,Taoniinae,1,17,DSB0932,20250822,,,
DSB2-22AUG25-MOC10-VKDD-019-N0,ceph,Helicocranchia pfefferi,1,25,DSB0472,20250822,,,
DSB2-22AUG25-MOC10-VKDD-019-N3,ceph,Mastigoteuthis/Chiroteuthis?,1,32,DSB0913,20250822,,,
DSB2-22AUG25-MOC10-VKDD-019-N4,ceph,Selenoteuthis scintillans,1,15,DSB0915,20250822,,,
DSB2-22AUG25-MOC10-VKDD-019-N5,ceph,Macrotritpus defilippi,1,7,DSB0919,20250822,,,
DSB2-23AUG25-MOC10-DCMD-021-N2,ceph,Haliphron atlanticus,1,16,DSB0940,20250823,,,
DSB2-23AUG25-MOC10-DCMD-021-N5,ceph,Abralia redfieldi,1,9,DSB0944,20250823,,,
DSB2-23AUG25-MOC10-DCMD-021-N5,ceph,Abralia redfieldi,1,6,DSB0944,20250823,,,
DSB2-23AUG25-MOC10-DCMD-021-N5,ceph,Abralia redfieldi,1,10,DSB0944,20250823,,,
DSB2-24AUG25-MOC10-DCDD-022-N5,ceph,Cranchia scabra,1,26,DSB0952,20250824,,,
DSB2-25AUG25-MOC10-DCSD-023-N1,ceph,Abralia redfieldi,1,9,DSB0956,20250825,,,
DSB2-25AUG25-MOC10-DCSD-023-N3,ceph,Abralia redfieldi,1,11,DSB0961,20250825,,,
DSB2-25AUG25-MOC10-DCSD2-024-N4,ceph,Abralia redfieldi,1,6,DSB0966,20250825,,,
DSB2-26AUG25-MOC10-SMSN-025-N2,ceph,Helicocranchia pfefferi,1,14,DSB0971,20250826,,,
DSB2-26AUG25-MOC10-SMSN-025-N4,ceph,Neoteuthis thielei,1,36,DSB0974,20250826,,,
DSB2-26AUG25-MOC10-SMSN-025-N4,ceph,Bathothauma lyromma,1,11,DSB0977,20250826,,,
DSB2-27AUG25-MOC10-SMMN-027-N0,ceph,Octopoteuthis sp,1,10,DSB1007,20250827,,,
DSB2-27AUG25-MOC10-SMMN-027-N1,ceph,Bolitaeniinae,1,9,DSB1009,20250827,,,
DSB2-27AUG25-MOC10-SMMN-027-N1,ceph,Bolitaeniinae,1,8,DSB1009,20250827,,,
DSB2-27AUG25-MOC10-SMMN-027-N5,ceph,Pterygioteuthis sp,1,6,DSB1331,20250827,,,
DSB2-27AUG25-MOC10-SMMN-027-N5,ceph,Pterygioteuthis sp,1,7,DSB1331,20250827,,,
DSB2-27AUG25-MOC10-SMSD-026-N1,ceph,Japetella diaphana,1,14,DSB0990,20250827,,,
DSB2-27AUG25-MOC10-SMSD-026-N2,ceph,Japetella diaphana,1,13,DSB0992,20250827,,,
DSB2-27AUG25-MOC10-SMSD-026-N2,ceph,Japetella diaphana,1,8,DSB0992,20250827,,,
DSB2-27AUG25-MOC10-SMSD-026-N4,ceph,Helicoranchia navossae,1,41,DSB0997,20250827,,,
DSB2-27AUG25-MOC10-SMSD-026-N4,ceph,Unid squid,1,,DSB1002,20250827,,,
DSB2-28AUG25-MOC10-SMMD-028-N0,ceph,Cranchia scabra,1,7,DSB1335,20250828,,,
DSB2-28AUG25-MOC10-SMMD-028-N0,ceph,Cranchia scabra,1,9,DSB1335,20250828,,,
DSB2-28AUG25-MOC10-SMMD-028-N5,ceph,Octopoteuthis sp,1,9,DSB1348,20250828,,,
DSB2-28AUG25-MOC10-SMDN-029-N0,ceph,Onychoteuthis sp,1,10,DSB1352,20250828,,,
DSB2-28AUG25-MOC10-SMDN-029-N1,ceph,Bolitaena pygmaea,`,14,DSB1353,20250828,,,
DSB2-28AUG25-MOC10-SMDN-029-N5,ceph,Abralia redfieldi,1,9,DSB1359,20250828,,,
DSB2-29AUG25-MOC10-SMDD-030-N0,ceph,Japetella diaphana,1,12,DSB1363,20250829,,,
DSB2-29AUG25-MOC10-SMDD-030-N4,ceph,Octopoteuthis sp,1,20,DSB1367,20250829,,,
DSB2-29AUG25-MOC10-SMDD-030-N4,ceph,Octopoteuthis sp,1,19,DSB1368,20250829,,,
DSB2-29AUG25-MOC10-SMDD-030-N5,ceph,Octopoteuthis sp,1,10,DSB1372,20250829,,,
DSB2-30AUG25-MOC10-VKLN-031-N0,ceph,Octopoteuthis sp,1,,DSB1374,20250830,,,
DSB2-30AUG25-MOC10-VKLN-031-N2,ceph,Brachioteuthis sp,1,45,DSB1377,20250830,,,
DSB2-30AUG25-MOC10-VKLN-031-N4,ceph,Helicocranchia sp,1,48,DSB1380,20250830,,,
DSB2-30AUG25-MOC10-VKLN-031-N4,ceph,Pterygioteuthis sp,1,8,DSB1381,20250830,,,
DSB2-30AUG25-MOC10-VKLN-031-N4,ceph,Pterygioteuthis sp,1,9,DSB1381,20250830,,,
DSB2-30AUG25-MOC10-VKLN-031-N4,ceph,Pterygioteuthis sp,1,9,DSB1381,20250830,,,
DSB2-30AUG25-MOC10-VKLN-031-N5,ceph,Pterygioteuthis sp,1,6,DSB1384,20250830,,,
,,,,,,,,,
DSB3-01Aug26-MOC10-SMLD-032-N2,Ceph,Abralia veranyi,1,14,DSB2244,20260801,,,
DSB3-01Aug26-MOC10-SMLD-032-N3,Ceph,Abralia veranyi,1,12,DSB2246,20260801,,,
DSB3-01Aug26-MOC10-SMLD-032-N3,Ceph,Abralia veranyi,1,13,DSB2246,20260801,,,
DSB3-02Aug26-MOC10-SMMN-034-N4,Ceph,Cranchia scabra,1,43,DSB2260,20260802,,,
DSB3-02Aug26-MOC10-SMMN-034-N5,Ceph,Pterygioteuthis sp,1,12,DSB2264,20260802,,,
DSB3-02Aug26-MOC10-SMMN-034-N5,Ceph,Taoniinae,1,17,DSB2267,20260802,,,
DSB3-03Aug26-MOC10-SMDD-035-N0,Ceph,Pterygioteuthis sp,1,7,DSB2268,20260803,,,
DSB3-03Aug26-MOC10-SMDD-035-N4,Ceph,Unid squid,1,10,DSB2272,20260803,,,
DSB3-03Aug26-MOC10-SMDD-035-N5,Ceph,Ommastrephidae,1,7,DSB2275,20260803,,,
DSB3-03Aug26-MOC10-SMDN-036-N4,Ceph,Ommastrephidae,1,10,DSB2281,20260803,,,
DSB3-03Aug26-MOC10-SMDN-036-N5,Ceph,Pterygioteuthis sp,1,,DSB2283,20260803,,,
DSB3-04Aug26-MOC10-SMVN-037-N0,Ceph,Tremoctopus violaceus,1,6,DSB2285,20260804,,,
DSB3-04Aug26-MOC10-SMVN-037-N4,Ceph,Cranchia scabra,1,43,DSB2288,20260804,,,
DSB3-05Aug26-MOC10-SMVD-038-N0,Ceph,Cranchia scabra,1,10,DSB2290?,20260805,,,
DSB3-05Aug26-MOC10-SMVD-038-N5,Ceph,Pterygioteuthis sp,1,8,DSB2293,20260805,,,
DSB3-05Aug26-MOC10-SMVD-038-N5,Ceph,Pterygioteuthis sp,1,4,DSB2293,20260805,,,
DSB3-05Aug26-MOC10-SNDBN-039-N0,Ceph,Vampyroteuthis infernalis,1,62,DSB2294,20260805,,,
DSB3-05Aug26-MOC10-SNDBN-039-N3,Ceph,Bolitaena pygmaea,1,,DSB2299,20260805,,,
DSB3-05Aug26-MOC10-SNDBN-039-N5,Ceph,Cranchia scabra,1,15,DSB2304,20260805,,,
DSB3-05Aug26-MOC10-SNDBN-039-N5,Ceph,Pterygioteuthis sp,1,9,DSB2307,20260805,,,
DSB3-05Aug26-MOC10-SNDBN-039-N5,Ceph,Megalocranchia sp,1,55,DSB2308,20260805,,,
DSB3-05Aug26-MOC10-SNDBN-039-N5,Ceph,Teuthowenia sp,1,13,DSB2309,20260805,,,
DSB3-05Aug26-MOC10-SNDBN-039-N5,Ceph,unid squid,1,4,DSB2310,20260805,,,
DSB3-06Aug26-MOC10-SMDBD-040-N0,Ceph,Pterygioteuthis sp,1,14,DSB2311,20260806,,,
DSB3-06Aug26-MOC10-SMDBD-040-N0,Ceph,Pterygioteuthis sp,1,5,DSB2311,20260806,,,
DSB3-06Aug26-MOC10-SMDBD-040-N2,Ceph,Chiroteuthis veranyi,1,73,DSB2314,20260806,,,
DSB3-06Aug26-MOC10-SMDBD-040-N4,Ceph,Japetella diaphana,1,27,DSB2316,20260806,,,
DSB3-06Aug26-MOC10-SMDBD-040-N4,Ceph,Pterygioteuthis sp,1,6,DSB2316,20260806,,,
DSB3-06Aug26-MOC10-SMDBD-040-N4,Ceph,Grimalditeuthis bonplandi,1,44,DSB2318,20260806,,,
DSB3-06Aug26-MOC10-SMDBD-040-N5,Ceph,Abralia sp,1,15,DSB2321,20260806,,,
DSB3-07Aug26-MOC10-SMSBDD-042-N2,Ceph,Vampyroteuthis infernalis,1,13,DSB2327,20260807,,,
DSB3-07Aug26-MOC10-SMSBDD-042-N4,Ceph,Pterygioteuthis sp,1,8,DSB2329?,20260807,,,
DSB3-07Aug26-MOC10-SMPPN-43-N2,Ceph,Japetella diaphana,1,7,DSB2335,20260807,,,
DSB3-07Aug26-MOC10-SMPPN-43-N5,Ceph,Abralia sp,1,7,DSB2340,20260807,,,
DSB3-07Aug26-MOC10-SMPPN-43-N5,Ceph,Abralia sp,1,7,DSB2340,20260807,,,
DSB3-08Aug26-MOC10-SMACD-44-N0,Ceph,Japetella diaphana,1,17,DSB2341,20260808,,,
DSB3-08Aug26-MOC10-SMACD-44-N2,Ceph,Mastigoteuthis agasizzi,1,121,DSB2346,20260808,,,
DSB3-08Aug26-MOC10-SMACD-44-N2,Ceph,Helicocranchia pfefferi,1,31,DSB2347,20260808,,,
DSB3-08Aug26-MOC10-SMACD-44-N2,Ceph,Grimalditeuthis bonplandi,1,35,DSB2349,20260808,,,
DSB3-08Aug26-MOC10-SMACD-44-N2,Ceph,Vampyroteuthis infernalis,1,,DSB2350,20260808,,,
DSB3-08Aug26-MOC10-SMACD-44-N4,Ceph,Vampyroteuthis infernalis,1,81,DSB2352,20260808,,,
DSB3-10Aug26-MOC10-VKDRGND-46-N0,Ceph,Cranchia scabra,1,17,DSB2367,20260810,,,
DSB3-10Aug26-MOC10-VKDRGND-46-N1,Ceph,Ommastrephidae,1,7,DSB2368,20260810,,,
DSB3-10Aug26-MOC10-VKDRGND-46-N5,Ceph,Abralia redfieldi,1,7,DSB2375,20260810,,,
DSB3-10Aug26-MOC10-VKDRGND-46-N5,Ceph,Ommastrephidae,1,7,DSB2377,20260810,,,
DSB3-10Aug26-MOC10-VKDRGNN-47-N2,Ceph,Abralia redfieldi,1,,DSB2384,20260810,,,
DSB3-10Aug26-MOC10-VKDRGNN-47-N2,Ceph,Japetella diaphana,1,9,DSB2385,20260810,,,
DSB3-10Aug26-MOC10-VKDRGNN-47-N3,Ceph,Megalocranchia sp,1,47,DSB2386,20260810,,,
DSB3-10Aug26-MOC10-VKDRGNN-47-N3,Ceph,Mastigoteuthis sp,1,21,DSB2387,20260810,,,
DSB3-10Aug26-MOC10-VKDRGNN-47-N3,Ceph,Grimalditeuthis bonplandi,1,28,DSB2388,20260810,,,
DSB3-10Aug26-MOC10-VKDRGNN-47-N4,Ceph,Selenoteuthis scintillans,1,11,DSB2390,20260810,,,
DSB3-10Aug26-MOC10-VKDRGNN-47-N4,Ceph,Mastigoteuthidae,1,,DSB2391,20260810,,,
DSB3-10Aug26-MOC10-VKDRGNN-47-N5,Ceph,Pterygioteuthis sp,1,9,DSB2395,20260810,,,
DSB3-11Aug26-MOC10-VKUD-48-N2,Ceph,Pyroteuthis margaritifera,1,14,DSB2304,20260811,,,
DSB3-11Aug26-MOC10-VKUD-48-N2,Ceph,Pyroteuthis margaritifera,1,12,DSB2304,20260811,,,
DSB3-11Aug26-MOC10-VKUD-48-N2,Ceph,Pyroteuthis margaritifera,1,12,DSB2304,20260811,,,
DSB3-11Aug26-MOC10-VKUD-48-N2,Ceph,Pterygioteuthis sp,1,7,DSB2404,20260811,,,
DSB3-11Aug26-MOC10-VKUD-48-N2,Ceph,Pterygioteuthis sp,1,6,DSB2404,20260811,,,
DSB3-11Aug26-MOC10-VKUD-48-N3,Ceph,Stigmatoteuthis arcturi,1,7,DSB2408,20260811,,,
DSB3-11Aug26-MOC10-VKUD-48-N3,Ceph,Abralia redfieldi,1,11,DSB2409,20260811,,,
DSB3-11Aug26-MOC10-VKUD-48-N4,Ceph,Abralia redfieldi,1,9,DSB2410,20260811,,,
DSB3-11Aug26-MOC10-VKUD-48-N4,Ceph,Abralia redfieldi,1,9,DSB2410,20260811,,,
DSB3-11Aug26-MOC10-VKUD-48-N5,Ceph,Cranchia scabra,1,6,DSB2416,20260811,,,
DSB3-11Aug26-MOC10-VKMD-49-N0,Ceph,Abralia redfieldi,1,9,DSB2424,20260811,,,
DSB3-11Aug26-MOC10-VKMD-49-N0,Ceph,Abralia redfieldi,1,6,DSB2424,20260811,,,
DSB3-11Aug26-MOC10-VKMD-49-N0,Ceph,Pterygioteuthis sp,1,6,DSB2425,20260811,,,
DSB3-11Aug26-MOC10-VKMD-49-N0,Ceph,Abralia sp,1,,DSB2425,20260811,,,
DSB3-11Aug26-MOC10-VKMD-49-N1,Ceph,Cranchia scabra,1,22,DSB2426,20260811,,,
DSB3-12Aug26-MOC10-VKDD-50-N0,Ceph,Sthenoteuthis pteropus,1,9,DSB2431,20260812,,,
DSB3-12Aug26-MOC10-VKDD-50-N2,Ceph,Joubiniteuthis porteiri,1,28,DSB2434,20260812,,,
DSB3-12Aug26-MOC10-VKDD-50-N4,Ceph,Joubiniteuthis porteiri,1,20,DSB2436,20260812,,,
DSB3-12Aug26-MOC10-VKDD-50-N4,Ceph,Bolitaenidae,1,6,DSB2436,20260812,,,
DSB3-12Aug26-MOC10-VKDD-50-N4,Ceph,Ornithoteuthis antillarum,1,10,DSB2436,20260812,,,
DSB3-12Aug26-MOC10-VKDD-50-N4,Ceph,Abralia redfieldi,1,8,DSB2437,20260812,,,
DSB3-12Aug26-MOC10-VKDD-50-N4,Ceph,Pterygioteuthis sp,1,7,DSB2436,20260812,,,
DSB3-12Aug26-MOC10-VKUN-51-N0,Ceph,Onychoteuthis sp,1,14,DSB2444,20260812,,,
DSB3-12Aug26-MOC10-VKUN-51-N5,Ceph,Pterygioteuthis sp,1,13,DSB2455,20260812,,,
DSB3-12Aug26-MOC10-VKUN-51-N5,Ceph,Abralia sp,1,8,DSB2456,20260812,,,
DSB3-12Aug26-MOC10-VKUN-51-N5,Ceph,Abralia sp,1,6,DSB2456,20260812,,,
DSB3-12Aug26-MOC10-VKUN-51-N5,Ceph,Abralia sp,1,7,DSB2456,20260812,,,
DSB3-12Aug26-MOC10-VKUN-51-N5,Ceph,Abralia sp,1,7,DSB2456,20260812,,,
,,,,,,,,,
,,,,,,,,,
,,,,,,,,,
DSB1-090824-MOC10-VKUD-003-N1,hetero,Atlanta sp,1,,DSB0036,20240908,,,
DSB1-090824-MOC10-VKUN-004-N0,hetero,Atlanta sp,2,,DSB0086,20240908,,,
DSB1-090724-MOC10-VKMM-002-N1,hetero,Cardiapoda placenta,1,30,DSB0024,20240907,,,
DSB1-091424-MOC10-DCON-009-N5,hetero,Cardiapoda placenta,1,37,DSB0157,20240914,,,
DSB1-090824-MOC10-VKUD-003-N3,hetero,Carinaria lamarcki,1,,DSB0040,20240908,,,
DSB1-090924-MOC10-VKDN-006-N4,hetero,Carinaria lamarcki,1,9,DSB0048,20240909,,,
DSB1-091524-MOC10-DCOD-010-N0,hetero,Corolla sp,1,,DSB0160,20240915,,,
DSB1-090724-MOC10-VKMD-001-N1,hetero,Pterotrachea coronata,1,,DSB0004,20240907,,,
DSB1-090724-MOC10-VKMD-001-N1,hetero,Pterotrachea coronata,1,,DSB0004,20240907,,,
DSB1-090724-MOC10-VKMD-001-N1,hetero,Pterotrachea coronata,1,,DSB0004,20240907,,,
DSB1-090724-MOC10-VKMD-001-N1,hetero,Pterotrachea coronata,1,,DSB0004,20240907,,,
DSB1-090724-MOC10-VKMD-001-N1,hetero,Pterotrachea coronata,1,,DSB0004,20240907,,,
DSB1-090724-MOC10-VKMD-001-N1,hetero,Pterotrachea coronata,1,,DSB0004,20240907,,,
DSB1-090724-MOC10-VKMD-001-N2,hetero,Pterotrachea coronata,1,67,DSB0008,20240907,,,
DSB1-090724-MOC10-VKMD-001-N2,hetero,Pterotrachea coronata,1,58,DSB0008,20240907,,,
DSB1-090724-MOC10-VKMD-001-N2,hetero,Pterotrachea coronata,1,57,DSB0008,20240907,,,
DSB1-090724-MOC10-VKMD-001-N2,hetero,Pterotrachea coronata,1,56,DSB0008,20240907,,,
DSB1-090724-MOC10-VKMD-001-N2,hetero,Pterotrachea coronata,1,56,DSB0008,20240907,,,
DSB1-090724-MOC10-VKMD-001-N2,hetero,Pterotrachea coronata,1,73,DSB0008,20240907,,,
DSB1-090724-MOC10-VKMD-001-N2,hetero,Pterotrachea coronata,1,79,DSB0008,20240907,,,
DSB1-090724-MOC10-VKMD-001-N2,hetero,Pterotrachea coronata,1,56,DSB0008,20240907,,,
DSB1-090724-MOC10-VKMD-001-N2,hetero,Pterotrachea coronata,1,53,DSB0008,20240907,,,
DSB1-090724-MOC10-VKMD-001-N2,hetero,Pterotrachea coronata,1,51,DSB0008,20240907,,,
DSB1-090724-MOC10-VKMD-001-N2,hetero,Pterotrachea coronata,1,48,DSB0008,20240907,,,
DSB1-090724-MOC10-VKMD-001-N2,hetero,Pterotrachea coronata,1,49,DSB0008,20240907,,,
DSB1-090724-MOC10-VKMD-001-N2,hetero,Pterotrachea coronata,1,81,DSB0008,20240907,,,
DSB1-090724-MOC10-VKMD-001-N2,hetero,Pterotrachea coronata,1,52,DSB0008,20240907,,,
DSB1-090724-MOC10-VKMD-001-N2,hetero,Pterotrachea coronata,1,50,DSB0008,20240907,,,
DSB1-090724-MOC10-VKMD-001-N2,hetero,Pterotrachea coronata,1,28,DSB0008,20240907,,,
DSB1-090724-MOC10-VKMD-001-N2,hetero,Pterotrachea coronata,1,38,DSB0008,20240907,,,
DSB1-090724-MOC10-VKMD-001-N2,hetero,Pterotrachea coronata,1,34,DSB0008,20240907,,,
DSB1-090724-MOC10-VKMD-001-N2,hetero,Pterotrachea coronata,1,head,DSB0008,20240907,,,
DSB1-090724-MOC10-VKMD-001-N5,hetero,Pterotrachea coronata,1,53,DSB0013,20240907,,,
DSB1-090724-MOC10-VKMD-001-N5,hetero,Pterotrachea coronata,1,48,DSB0013,20240907,,,
DSB1-090724-MOC10-VKMD-001-N5,hetero,Pterotrachea coronata,1,38,DSB0013,20240907,,,
DSB1-090724-MOC10-VKMD-001-N5,hetero,Pterotrachea coronata,1,32,DSB0013,20240907,,,
DSB1-090724-MOC10-VKMD-001-N5,hetero,Pterotrachea coronata,1,27,DSB0013,20240907,,,
DSB1-090724-MOC10-VKMD-001-N5,hetero,Pterotrachea coronata,1,60,DSB0013,20240907,,,
DSB1-090724-MOC10-VKMD-001-N5,hetero,Pterotrachea coronata,1,65,DSB0013,20240907,,,
DSB1-090724-MOC10-VKMD-001-N5,hetero,Pterotrachea coronata,1,36,DSB0013,20240907,,,
DSB1-090724-MOC10-VKMD-001-N5,hetero,Pterotrachea coronata,1,34,DSB0013,20240907,,,
DSB1-090724-MOC10-VKMD-001-N5,hetero,Pterotrachea coronata,1,27,DSB0013,20240907,,,
DSB1-090724-MOC10-VKMD-001-N5,hetero,Pterotrachea coronata,1,58,DSB0013,20240907,,,
DSB1-090724-MOC10-VKMD-001-N5,hetero,Pterotrachea coronata,1,69,DSB0013,20240907,,,
DSB1-090724-MOC10-VKMD-001-N5,hetero,Pterotrachea coronata,1,67,DSB0013,20240907,,,
DSB1-090724-MOC10-VKMM-002-N1,hetero,Pterotrachea coronata,1,,DSB0024,20240907,,,
DSB1-090724-MOC10-VKMM-002-N2,hetero,Pterotrachea coronata,1,39,DSB 0026,20240907,,,
DSB1-090724-MOC10-VKMM-002-N2,hetero,Pterotrachea coronata,1,46,DSB 0026,20240907,,,
DSB1-090724-MOC10-VKMM-002-N2,hetero,Pterotrachea coronata,1,48,DSB 0026,20240907,,,
DSB1-090724-MOC10-VKMM-002-N2,hetero,Pterotrachea coronata,1,37,DSB 0026,20240907,,,
DSB1-090724-MOC10-VKMM-002-N2,hetero,Pterotrachea coronata,1,33,DSB 0026,20240907,,,
DSB1-090724-MOC10-VKMM-002-N2,hetero,Pterotrachea coronata,1,39,DSB 0026,20240907,,,
DSB1-090724-MOC10-VKMM-002-N2,hetero,Pterotrachea coronata,1,61,DSB 0026,20240907,,,
DSB1-090724-MOC10-VKMM-002-N2,hetero,Pterotrachea coronata,1,47,DSB 0026,20240907,,,
DSB1-090724-MOC10-VKMM-002-N2,hetero,Pterotrachea coronata,1,47,DSB 0026,20240907,,,
DSB1-090724-MOC10-VKMM-002-N2,hetero,Pterotrachea coronata,1,28,DSB 0026,20240907,,,
DSB1-090724-MOC10-VKMM-002-N2,hetero,Pterotrachea coronata,1,47,DSB 0026,20240907,,,
DSB1-090724-MOC10-VKMM-002-N2,hetero,Pterotrachea coronata,1,42,DSB 0026,20240907,,,
DSB1-090724-MOC10-VKMM-002-N2,hetero,Pterotrachea coronata,1,54,DSB 0026,20240907,,,
DSB1-090724-MOC10-VKMM-002-N2,hetero,Pterotrachea coronata,1,30,DSB 0026,20240907,,,
DSB1-090724-MOC10-VKMM-002-N2,hetero,Pterotrachea coronata,1,47,DSB 0026,20240907,,,
DSB1-090724-MOC10-VKMM-002-N2,hetero,Pterotrachea coronata,1,33,DSB 0026,20240907,,,
DSB1-090724-MOC10-VKMM-002-N2,hetero,Pterotrachea coronata,1,33,DSB 0026,20240907,,,
DSB1-090724-MOC10-VKMM-002-N2,hetero,Pterotrachea coronata,1,30,DSB 0026,20240907,,,
DSB1-090724-MOC10-VKMM-002-N2,hetero,Pterotrachea coronata,1,32,DSB 0026,20240907,,,
DSB1-090724-MOC10-VKMM-002-N2,hetero,Pterotrachea coronata,1,29,DSB 0026,20240907,,,
DSB1-090724-MOC10-VKMM-002-N3,hetero,Pterotrachea coronata,1,75,DSB0029,20240907,,,
DSB1-090724-MOC10-VKMM-002-N3,hetero,Pterotrachea coronata,1,76,DSB0029,20240907,,,
DSB1-090724-MOC10-VKMM-002-N3,hetero,Pterotrachea coronata,1,78,DSB0029,20240907,,,
DSB1-090724-MOC10-VKMM-002-N3,hetero,Pterotrachea coronata,1,57,DSB0029,20240907,,,
DSB1-090724-MOC10-VKMM-002-N3,hetero,Pterotrachea coronata,1,38,DSB0029,20240907,,,
DSB1-090724-MOC10-VKMM-002-N3,hetero,Pterotrachea coronata,1,41,DSB0029,20240907,,,
DSB1-090724-MOC10-VKMM-002-N3,hetero,Pterotrachea coronata,1,52,DSB0029,20240907,,,
DSB1-090724-MOC10-VKMM-002-N3,hetero,Pterotrachea coronata,1,49,DSB0029,20240907,,,
DSB1-090724-MOC10-VKMM-002-N3,hetero,Pterotrachea coronata,1,51,DSB0029,20240907,,,
DSB1-090724-MOC10-VKMM-002-N3,hetero,Pterotrachea coronata,1,56,DSB0029,20240907,,,
DSB1-090724-MOC10-VKMM-002-N3,hetero,Pterotrachea coronata,1,71,DSB0029,20240907,,,
DSB1-090724-MOC10-VKMM-002-N5,hetero,Pterotrachea coronata,1,51,DSB0031,20240907,,,
DSB1-090724-MOC10-VKMM-002-N5,hetero,Pterotrachea coronata,1,50,DSB0031,20240907,,,
DSB1-090724-MOC10-VKMM-002-N5,hetero,Pterotrachea coronata,1,44,DSB0031,20240907,,,
DSB1-090724-MOC10-VKMM-002-N5,hetero,Pterotrachea coronata,1,53,DSB0031,20240907,,,
DSB1-090724-MOC10-VKMM-002-N5,hetero,Pterotrachea coronata,1,52,DSB0031,20240907,,,
DSB1-090824-MOC10-VKUD-003-N1,hetero,Pterotrachea coronata,1,85,DSB0037,20240908,,,
DSB1-090824-MOC10-VKUD-003-N5,hetero,Pterotrachea coronata,1,112,DSB0081,20240908,,,
DSB1-090824-MOC10-VKUD-003-N5,hetero,Pterotrachea coronata,1,61,DSB0081,20240908,,,
DSB1-090824-MOC10-VKUD-003-N5,hetero,Pterotrachea coronata,1,37,DSB0081,20240908,,,
DSB1-090824-MOC10-VKUN-004-N0,hetero,Pterotrachea coronata,1,67,DSB0085,20240908,,,
DSB1-090824-MOC10-VKUN-004-N0,hetero,Pterotrachea coronata,1,76,DSB0085,20240908,,,
DSB1-090824-MOC10-VKUN-004-N1,hetero,Pterotrachea coronata,1,120,DSB0087,20240908,,,
DSB1-090824-MOC10-VKUN-004-N1,hetero,Pterotrachea coronata,1,83,DSB0087,20240908,,,
DSB1-090824-MOC10-VKUN-004-N1,hetero,Pterotrachea coronata,1,50,DSB0087,20240908,,,
DSB1-090824-MOC10-VKUN-004-N1,hetero,Pterotrachea coronata,1,62,DSB0087,20240908,,,
DSB1-090824-MOC10-VKUN-004-N5,hetero,Pterotrachea coronata,1,,,20240908,,,
DSB1-090924-MOC10-VKDD-005-N0,hetero,Pterotrachea coronata,1,91,DSB0096,20240909,,,
DSB1-090924-MOC10-VKDD-005-N5,hetero,Pterotrachea coronata,1,45,DSB0118,20240909,,,
DSB1-090924-MOC10-VKDD-005-N5,hetero,Pterotrachea coronata,1,21,DSB0118,20240909,,,
DSB1-090924-MOC10-VKDN-006-N0,hetero,Pterotrachea coronata,1,90,DSB0119,20240909,,,
DSB1-091324-MOC10-DCSD-007-N3,hetero,Pterotrachea coronata,1,150,DSB0059,20240913,,,
DSB1-091324-MOC10-DCSD-007-N4,hetero,Pterotrachea coronata,1,160,DSB0062,20240913,,,
DSB1-091324-MOC10-DCSD-007-N4,hetero,Pterotrachea coronata,1,130,DSB0062,20240913,,,
DSB1-091324-MOC10-DCSD-007-N4,hetero,Pterotrachea coronata,1,152,DSB0062,20240913,,,
DSB1-091324-MOC10-DCSD-007-N4,hetero,Pterotrachea coronata,1,140,DSB0062,20240913,,,
DSB1-091324-MOC10-DCSD-007-N4,hetero,Pterotrachea coronata,1,147,DSB0062,20240913,,,
DSB1-091324-MOC10-DCSD-007-N4,hetero,Pterotrachea coronata,1,152,DSB0062,20240913,,,
DSB1-091324-MOC10-DCSD-007-N4,hetero,Pterotrachea coronata,1,110,DSB0062,20240913,,,
DSB1-091324-MOC10-DCSD-007-N4,hetero,Pterotrachea coronata,1,120,DSB0062,20240913,,,
DSB1-091324-MOC10-DCSD-007-N4,hetero,Pterotrachea coronata,1,110,DSB0062,20240913,,,
DSB1-091324-MOC10-DCSD-007-N4,hetero,Pterotrachea coronata,1,60,DSB0062,20240913,,,
DSB1-091424-MOC10-DCMD-008-N0,hetero,Pterotrachea coronata,1,100,DSB0065,20240914,,,
DSB1-091424-MOC10-DCMD-008-N0,hetero,Pterotrachea coronata,1,92,DSB0065,20240914,,,
DSB1-091424-MOC10-DCMD-008-N5,hetero,Pterotrachea coronata,1,120,DSB0075,20240914,,,
DSB1-091424-MOC10-DCON-009-N0,hetero,Pterotrachea coronata,1,120,DSB0079,20240914,,,
DSB1-090924-MOC10-VKDD-005-N5,hetero,Pterotrachea scutata,1,63,DSB0118,20240909,,,
DSB1-090924-MOC10-VKDN-006-N5,hetero,Pterotrachea scutata,1,21,DSB0052,20240909,,,
DSB1-090924-MOC10-VKDN-006-N5,hetero,Pterotrachea scutata,1,34,DSB0052,20240909,,,
DSB1-090924-MOC10-VKDN-006-N5,hetero,Pterotrachea scutata,1,,DSB0052,20240909,,,
DSB1-091424-MOC10-DCMD-008-N1,hetero,Pterotrachea scutata,1,73,DSB0067,20240914,,,
DSB1-091624-MOC10-VKUN-013-N1,hetero,Pterotrachea scutata,1,75,DSB0324,20240916,,,
DSB1-091624-MOC10-VKUN-013-N2,hetero,Pterotrachea scutata,1,37,DSB0326,20240916,,,
DSB1-091424-MOC10-DCMD-008-N5,hetero,Pterotrachea sp,1,29,DSB0077,20240914,,,
,,,,,,,,,
DSB2-19AUG25-MOC10-VKMN-014-N0,Hetero,Pterotrachea coronata,1,56,DSB0401,20250819,,,
DSB2-19AUG25-MOC10-VKMN-014-N1,Hetero,Pterotrachea hippocampus,1,34,DSB0403,20250819,,,
DSB2-19AUG25-MOC10-VKMN-014-N2,Hetero,Pterotrachea scutata,1,62,DSB0405,20250819,,,
DSB2-19AUG25-MOC10-VKMN-014-N2,Hetero,Pterotrachea scutata,1,59,DSB0405,20250819,,,
DSB2-19AUG25-MOC10-VKMN-014-N2,Hetero,Pterotrachea scutata,1,30,DSB0405,20250819,,,
DSB2-19AUG25-MOC10-VKMN-014-N2,Hetero,Pterotrachea scutata,1,32,DSB0405,20250819,,,
DSB2-19AUG25-MOC10-VKMN-014-N2,Hetero,Pterotrachea scutata,1,36,DSB0405,20250819,,,
DSB2-19AUG25-MOC10-VKMN-014-N2,Hetero,Pterotrachea scutata,1,27,DSB0405,20250819,,,
DSB2-19AUG25-MOC10-VKMN-014-N2,Hetero,Pterotrachea scutata,1,23,DSB0405,20250819,,,
DSB2-19AUG25-MOC10-VKMN-014-N2,Hetero,Pterotrachea scutata,1,38,DSB0405,20250819,,,
DSB2-19AUG25-MOC10-VKMN-014-N3,Hetero,Pterotrachea scutata,1,62,DSB0407,20250819,,,
DSB2-19AUG25-MOC10-VKMN-014-N3,Hetero,Pterotrachea scutata,1,67,DSB0407,20250819,,,
DSB2-19AUG25-MOC10-VKMN-014-N3,Hetero,Pterotrachea scutata,1,52,DSB0407,20250819,,,
DSB2-19AUG25-MOC10-VKMN-014-N3,Hetero,Pterotrachea scutata,1,50,DSB0407,20250819,,,
DSB2-19AUG25-MOC10-VKMN-014-N3,Hetero,Pterotrachea scutata,1,51,DSB0407,20250819,,,
DSB2-19AUG25-MOC10-VKMN-014-N3,Hetero,Pterotrachea scutata,1,42,DSB0408,20250819,,,
DSB2-19AUG25-MOC10-VKMN-014-N3,Hetero,Pterotrachea scutata,1,35,DSB0408,20250819,,,
DSB2-19AUG25-MOC10-VKMN-014-N3,Hetero,Pterotrachea scutata,1,31,DSB0408,20250819,,,
DSB2-19AUG25-MOC10-VKMN-014-N3,Hetero,Pterotrachea scutata,1,27,DSB0408,20250819,,,
DSB2-19AUG25-MOC10-VKMN-014-N3,Hetero,Pterotrachea scutata,1,40,DSB0408,20250819,,,
DSB2-19AUG25-MOC10-VKMN-014-N3,Hetero,Pterotrachea scutata,1,33,DSB0408,20250819,,,
DSB2-19AUG25-MOC10-VKMN-014-N3,Hetero,Pterotrachea scutata,1,21,DSB0408,20250819,,,
DSB2-19AUG25-MOC10-VKMN-014-N5,Hetero,Carinaria lamarcki,1,18,DSB0412,20250819,,,
DSB2-19AUG25-MOC10-VKMN-014-N5,Hetero,Pterotrachea coronata,1,95,DSB0412,20250819,,,
DSB2-19AUG25-MOC10-VKMN-014-N5,Hetero,Pterotrachea scutata,1,35,DSB0412,20250819,,,
DSB2-19AUG25-MOC10-VKMN-014-N5,Hetero,Pterotrachea scutata,1,28,DSB0412,20250819,,,
DSB2-19AUG25-MOC10-VKMN-014-N5,Hetero,Pterotrachea scutata,1,41,DSB0412,20250819,,,
DSB2-19AUG25-MOC10-VKMN-014-N5,Hetero,Pterotrachea scutata,1,17,DSB0412,20250819,,,
DSB2-19AUG25-MOC10-VKMN-014-N5,Hetero,Pterotrachea scutata,1,33,DSB0412,20250819,,,
DSB2-20AUG25-MOC10-VKMD-015-N0,Hetero,Pterotrachea scutata,1,18,DSB0414,20250820,,,
DSB2-20AUG25-MOC10-VKMD-015-N0,Hetero,Pterotrachea sp,1,35,DSB0414,20250820,,,
DSB2-20AUG25-MOC10-VKMD-015-N1,Hetero,Oxygyrus inflatus,1,,DSB 0416,20250820,,,
DSB2-20AUG25-MOC10-VKMD-015-N1,Hetero,Pterotrachea coronata,1,54,DSB0416,20250820,,,
DSB2-20AUG25-MOC10-VKMD-015-N2,Hetero,Pterotrachea scutata,1,55,DSB0417,20250820,,,
DSB2-20AUG25-MOC10-VKMD-015-N2,Hetero,Pterotrachea scutata,1,37,DSB0417,20250820,,,
DSB2-20AUG25-MOC10-VKMD-015-N2,Hetero,Pterotrachea scutata,1,60,DSB0417,20250820,,,
DSB2-20AUG25-MOC10-VKMD-015-N2,Hetero,Pterotrachea scutata,1,41,DSB0417,20250820,,,
DSB2-20AUG25-MOC10-VKMD-015-N2,Hetero,Pterotrachea scutata,1,60,DSB0417,20250820,,,
DSB2-20AUG25-MOC10-VKMD-015-N4,Hetero,Pterotrachea scutata,1,27,DSB0419,20250820,,,
DSB2-20AUG25-MOC10-VKMD-015-N5,Hetero,Pterotrachea coronata,1,57,DSB0420,20250820,,,
DSB2-20AUG25-MOC10-VKMD-015-N5,Hetero,Pterotrachea scutata,1,37,DSB0421,20250820,,,
DSB2-20AUG25-MOC10-VKUN-016-N0,Hetero,Carinaria lamarcki,1,18,DSB0426,20250820,,,
DSB2-20AUG25-MOC10-VKUN-016-N0,Hetero,Carinaria lamarcki,1,18,DSB0426,20250820,,,
DSB2-20AUG25-MOC10-VKUN-016-N0,Hetero,Carinaria lamarcki,1,12,DSB0426,20250820,,,
DSB2-20AUG25-MOC10-VKUN-016-N0,Hetero,Pterotrachea coronata,1,109,DSB0425,20250820,,,
DSB2-20AUG25-MOC10-VKUN-016-N5,Hetero,Pterotrachea coronata,1,102,DSB0433,20250820,,,
DSB2-20AUG25-MOC10-VKUN-016-N5,Hetero,Oxygyrus inflatus,1,,DSB0437,20250820,,,
DSB2-20AUG25-MOC10-VKUN-016-N5,Hetero,Pterotrachea coronata,1,50,DSB0434,20250820,,,
DSB2-20AUG25-MOC10-VKUN-016-N5,Hetero,Pterotrachea coronata,1,46,DSB0434,20250820,,,
DSB2-20AUG25-MOC10-VKUN-016-N5,Hetero,Pterotrachea coronata,1,41,DSB0434,20250820,,,
DSB2-20AUG25-MOC10-VKUN-016-N5,Hetero,Pterotrachea coronata,1,46,DSB0434,20250820,,,
DSB2-20AUG25-MOC10-VKUN-016-N5,Hetero,Pterotrachea coronata,1,91,DSB0434,20250820,,,
DSB2-21AUG25-MOC10-VKDN-018-N0,Hetero,Pterotrachea sp,1,82,DSB0457,20250821,,,
DSB2-21AUG25-MOC10-VKDN-018-N5,Hetero,Carinaria lamarcki,1,33,DSB0468,20250821,,,
DSB2-21AUG25-MOC10-VKDN-018-N5,Hetero,Carinaria lamarcki,1,35,DSB0468,20250821,,,
DSB2-21AUG25-MOC10-VKDN-018-N5,Hetero,Pterotrachea coronata,1,73,DSB0466,20250821,,,
DSB2-21AUG25-MOC10-VKDN-018-N5,Hetero,Pterotrachea coronata,1,70,DSB0466,20250821,,,
DSB2-21AUG25-MOC10-VKDN-018-N5,Hetero,Pterotrachea coronata,1,63,DSB0466,20250821,,,
DSB2-21AUG25-MOC10-VKDN-018-N5,Hetero,Pterotrachea scutata,1,56,DSB0467,20250821,,,
DSB2-21AUG25-MOC10-VKUD-017-N0,Hetero,Pterotrachea coronata,1,104,DSB0439,20250821,,,
DSB2-21AUG25-MOC10-VKUD-017-N0,Hetero,Pterotrachea coronata,1,69,DSB0439,20250821,,,
DSB2-21AUG25-MOC10-VKUD-017-N0,Hetero,Oxygyrus inflatus,1,,DSB0441,20250821,,,
DSB2-21AUG25-MOC10-VKUD-017-N1,Hetero,Pterotrachea scutata,1,27,DSB0444,20250821,,,
DSB2-21AUG25-MOC10-VKUD-017-N1,Hetero,Oxygyrus inflatus,1,,DSB0446,20250821,,,
DSB2-21AUG25-MOC10-VKUD-017-N1,Hetero,Pterotrachea coronata,1,127,DSB0443,20250821,,,
DSB2-21AUG25-MOC10-VKUD-017-N1,Hetero,Pterotrachea coronata,1,57,DSB0443,20250821,,,
DSB2-21AUG25-MOC10-VKUD-017-N1,Hetero,Pterotrachea coronata,1,88,DSB0443,20250821,,,
DSB2-21AUG25-MOC10-VKUD-017-N5,Hetero,Oxygyrus inflatus,1,,DSB0458,20250821,,,
DSB2-21AUG25-MOC10-VKUD-017-N5,Hetero,Pterotrachea coronata,1,109,DSB0456,20250821,,,
DSB2-21AUG25-MOC10-VKUD-017-N5,Hetero,Pterotrachea coronata,1,42,DSB0455,20250821,,,
DSB2-21AUG25-MOC10-VKUD-017-N5,Hetero,Pterotrachea coronata,1,53,DSB0455,20250821,,,
DSB2-21AUG25-MOC10-VKUD-017-N5,Hetero,Pterotrachea coronata,1,60,DSB0455,20250821,,,
DSB2-21AUG25-MOC10-VKUD-017-N5,Hetero,Pterotrachea scutata,1,39,DSB0455,20250821,,,
DSB2-21AUG25-MOC10-VKUD-017-N5,Hetero,Pterotrachea scutata,1,42,DSB0455,20250821,,,
DSB2-21AUG25-MOC10-VKUD-017-N5,Hetero,Pterotrachea sp,1,23,DSB0455,20250821,,,
DSB2-21AUG25-MOC10-VKUD-017-N5,Hetero,Pterotrachea sp,1,27,DSB0455,20250821,,,
DSB2-21AUG25-MOC10-VKUD-017-N5,Hetero,Pterotrachea sp,1,9,DSB0455,20250821,,,
DSB2-21AUG25-MOC10-VKUD-017-N5,Hetero,Pterotrachea sp,1,37,DSB0455,20250821,,,
DSB2-21AUG25-MOC10-VKUD-017-N5,Hetero,Pterotrachea sp,1,32,DSB0455,20250821,,,
DSB2-21AUG25-MOC10-VKUD-017-N5,Hetero,Pterotrachea sp,1,21,DSB0455,20250821,,,
DSB2-22AUG25-MOC10-DCON-020-N0,Hetero,Pterotrachea sp,1,,DSB0924,20250822,,,
DSB2-22AUG25-MOC10-DCON-020-N3,Hetero,Pterotrachea scutata,1,51,DSB0929,20250822,,,
DSB2-22AUG25-MOC10-DCON-020-N3,Hetero,Pterotrachea coronata,1,17,DSB0929,20250822,,,
DSB2-22AUG25-MOC10-DCON-020-N3,Hetero,Pterotrachea coronata,1,35,DSB0929,20250822,,,
DSB2-22AUG25-MOC10-DCON-020-N4,Hetero,Pterotrachea coronata,1,32,DSB0931,20250822,,,
DSB2-22AUG25-MOC10-DCON-020-N5,Hetero,Pterotrachea scutata,1,47,DSB0933,20250822,,,
DSB2-22AUG25-MOC10-DCON-020-N5,Hetero,Pterotrachea sp,2,20,DSB0934,20250822,,,
DSB2-22AUG25-MOC10-DCON-20-N0,Hetero,Pterotrachea sp,1,,DSB0924,20250822,,,
DSB2-22AUG25-MOC10-DCON-20-N3,Hetero,Pterotrachea scutata,1,51,DSB0929,20250822,,,
DSB2-22AUG25-MOC10-DCON-20-N3,Hetero,Pterotrachea coronata,1,35,DSB0929,20250822,,,
DSB2-22AUG25-MOC10-DCON-20-N3,Hetero,Pterotrachea coronata,1,17,DSB0929,20250822,,,
DSB2-22AUG25-MOC10-DCON-20-N4,Hetero,Pterotrachea coronata,1,32,DSB0931,20250822,,,
DSB2-22AUG25-MOC10-DCON-20-N5,Hetero,Pterotrachea scutata,1,47,DSB0933,20250822,,,
DSB2-22AUG25-MOC10-DCON-20-N5,Hetero,Pterotrachea sp,2,20,DSB0934,20250822,,,
DSB2-22AUG25-MOC10-VKDD-019-N0,Hetero,Pterotrachea coronata,1,67,DSB0473,20250822,,,
DSB2-22AUG25-MOC10-VKDD-019-N0,Hetero,Pterotrachea coronata,1,65,DSB0473,20250822,,,
DSB2-22AUG25-MOC10-VKDD-019-N0,Hetero,Pterotrachea scutata,1,25,DSB0474,20250822,,,
DSB2-22AUG25-MOC10-VKDD-019-N4,Hetero,Pterotrachea coronata,1,54,DSB0916,20250822,,,
DSB2-22AUG25-MOC10-VKDD-019-N4,Hetero,Pterotrachea scutata,1,39,DSB0916,20250822,,,
DSB2-22AUG25-MOC10-VKDD-019-N4,Hetero,Oxygyrus inflatus,2,,DSB0917,20250822,,,
DSB2-22AUG25-MOC10-VKDD-019-N5,Hetero,Cardiapoda placenta,1,30,DSB0920,20250822,,,
DSB2-22AUG25-MOC10-VKDD-019-N5,Hetero,Pterotrachea coronata,1,79,DSB0920,20250822,,,
DSB2-22AUG25-MOC10-VKDD-019-N5,Hetero,Pterotrachea coronata,1,70,DSB0920,20250822,,,
DSB2-23AUG25-MOC10-DCMD-021-N5,Hetero,Pterotrachea hippocampus,1,132,DSB0942,20250823,,,
DSB2-23AUG25-MOC10-DCMD-021-N5,Hetero,Pterotrachea coronata,1,29,DSB0943,20250823,,,
DSB2-24AUG25-MOC10-DCDD-022-N0,Hetero,Pterotrachea coronata,1,71,DSB0945,20250824,,,
DSB2-24AUG25-MOC10-DCDD-022-N0,Hetero,Pterotrachea coronata,1,49,DSB0945,20250824,,,
DSB2-24AUG25-MOC10-DCDD-022-N4,Hetero,Pterotrachea coronata,1,57,DSB0951,20250824,,,
DSB2-25AUG25-MOC10-DCSD-023-N1,Hetero,Pterotrachea coronata,1,102,DSB0955,20250825,,,
DSB2-25AUG25-MOC10-DCSD-023-N1,Hetero,Pterotrachea coronata,1,35,DSB0955,20250825,,,
DSB2-25AUG25-MOC10-DCSD-023-N1,Hetero,Pterotrachea coronata,1,74,DSB0955,20250825,,,
DSB2-25AUG25-MOC10-DCSD-023-N2,Hetero,Pterotrachea scutata,1,51,DSB0958,20250825,,,
DSB2-25AUG25-MOC10-DCSD-023-N2,Hetero,Pterotrachea scutata,1,35,DSB0958,20250825,,,
DSB2-25AUG25-MOC10-DCSD-023-N3,Hetero,Pterotrachea scutata,1,49,DSB0960,20250825,,,
DSB2-25AUG25-MOC10-DCSD-023-N3,Hetero,Pterotrachea scutata,1,34,DSB0960,20250825,,,
DSB2-25AUG25-MOC10-DCSD-023-N3,Hetero,Pterotrachea scutata,1,33,DSB0960,20250825,,,
DSB2-25AUG25-MOC10-DCSD-023-N3,Hetero,Pterotrachea sp,1,29,DSB0959,20250825,,,
DSB2-25AUG25-MOC10-DCSD-023-N3,Hetero,Pterotrachea sp,1,26,DSB0959,20250825,,,
DSB2-25AUG25-MOC10-DCSD2-024-N0,Hetero,Pterotrachea coronata,1,61,DSB0962,20250825,,,
DSB2-25AUG25-MOC10-DCSD2-024-N0,Hetero,Cardiapoda placenta,1,29,DSB0962,20250825,,,
DSB2-25AUG25-MOC10-DCSD2-024-N1,Hetero,Pterotrachea sp,1,15,DSB0964,20250825,,,
DSB2-25AUG25-MOC10-DCSD2-024-N2,Hetero,Pterotrachea scutata,1,50,DSB0965,20250825,,,
DSB2-25AUG25-MOC10-DCSD2-024-N2,Hetero,Pterotrachea scutata,1,51,DSB0965,20250825,,,
DSB2-26AUG25-MOC10-SMSN-025-N1,Hetero,Pterotrachea coronata,1,62,DSB0969,20250826,,,
DSB2-26AUG25-MOC10-SMSN-025-N1,Hetero,Pterotrachea coronata,1,54,DSB0969,20250826,,,
DSB2-26AUG25-MOC10-SMSN-025-N1,Hetero,Pterotrachea coronata,1,48,DSB0968,20250826,,,
DSB2-26AUG25-MOC10-SMSN-025-N2,Hetero,Pterotrachea scutata,1,57,DSB0970,20250826,,,
DSB2-26AUG25-MOC10-SMSN-025-N2,Hetero,Pterotrachea scutata,1,48,DSB0970,20250826,,,
DSB2-26AUG25-MOC10-SMSN-025-N2,Hetero,Pterotrachea scutata,1,51,DSB0970,20250826,,,
DSB2-26AUG25-MOC10-SMSN-025-N2,Hetero,Pterotrachea coronata,1,121,DSB0970,20250826,,,
DSB2-26AUG25-MOC10-SMSN-025-N3,Hetero,Pterotrachea scutata,1,27,DSB0973,20250826,,,
DSB2-26AUG25-MOC10-SMSN-025-N3,Hetero,Pterotrachea scutata,1,64,DSB0973,20250826,,,
DSB2-26AUG25-MOC10-SMSN-025-N3,Hetero,Pterotrachea scutata,1,37,DSB0973,20250826,,,
DSB2-26AUG25-MOC10-SMSN-025-N3,Hetero,Pterotrachea scutata,1,30,DSB0973,20250826,,,
DSB2-26AUG25-MOC10-SMSN-025-N4,Hetero,Pterotrachea sp,1,37,DSB0975,20250826,,,
DSB2-26AUG25-MOC10-SMSN-025-N4,Hetero,Pterotrachea sp,1,43,DSB0975,20250826,,,
DSB2-26AUG25-MOC10-SMSN-025-N4,Hetero,Pterotrachea sp,1,37,DSB0975,20250826,,,
DSB2-26AUG25-MOC10-SMSN-025-N4,Hetero,Pterotrachea sp,1,52,DSB0975,20250826,,,
DSB2-26AUG25-MOC10-SMSN-025-N4,Hetero,Pterotrachea sp,1,44,DSB0975,20250826,,,
DSB2-26AUG25-MOC10-SMSN-025-N4,Hetero,Pterotrachea sp,1,30,DSB0975,20250826,,,
DSB2-26AUG25-MOC10-SMSN-025-N5,Hetero,Pterotrachea sp,1,61,DSB0978,20250826,,,
DSB2-26AUG25-MOC10-SMSN-025-N5,Hetero,Pterotrachea sp,1,99,DSB0978,20250826,,,
DSB2-26AUG25-MOC10-SMSN-025-N5,Hetero,Pterotrachea sp,1,107,DSB0978,20250826,,,
DSB2-26AUG25-MOC10-SMSN-025-N5,Hetero,Pterotrachea sp,1,30,DSB0978,20250826,,,
DSB2-26AUG25-MOC10-SMSN-025-N5,Hetero,Pterotrachea sp,1,19,DSB0978,20250826,,,
DSB2-26AUG25-MOC10-SMSN-025-N5,Hetero,Pterotrachea sp,1,23,DSB0978,20250826,,,
DSB2-26AUG25-MOC10-SMSN-025-N5,Hetero,Pterotrachea sp,1,17,DSB0978,20250826,,,
DSB2-26AUG25-MOC10-SMSN-025-N5,Hetero,Oxygyrus inflatus,1,,DSB0983,20250826,,,
DSB2-27AUG25-MOC10-SMMN-027-N0,Hetero,Pterotrachea scutata,1,41,DSB1006,20250827,,,
DSB2-27AUG25-MOC10-SMMN-027-N0,Hetero,Pterotrachea coronata,1,102,DSB1006,20250827,,,
DSB2-27AUG25-MOC10-SMMN-027-N0,Hetero,Pterotrachea coronata,1,85,DSB1006,20250827,,,
DSB2-27AUG25-MOC10-SMMN-027-N0,Hetero,Pterotrachea coronata,1,45,DSB1006,20250827,,,
DSB2-27AUG25-MOC10-SMMN-027-N0,Hetero,Pterotrachea coronata,1,24,DSB1006,20250827,,,
DSB2-27AUG25-MOC10-SMMN-027-N1,Hetero,Pterotrachea coronata,1,48,DSB1010,20250827,,,
DSB2-27AUG25-MOC10-SMMN-027-N1,Hetero,Pterotrachea coronata,1,55,DSB1010,20250827,,,
DSB2-27AUG25-MOC10-SMMN-027-N1,Hetero,Pterotrachea coronata,1,27,DSB1010,20250827,,,
DSB2-27AUG25-MOC10-SMMN-027-N4,Hetero,Pterotrachea coronata,1,91,DSB1330,20250827,,,
DSB2-27AUG25-MOC10-SMMN-027-N4,Hetero,Pterotrachea coronata,1,37,DSB1330,20250827,,,
DSB2-27AUG25-MOC10-SMMN-027-N4,Hetero,Pterotrachea coronata,1,41,DSB1330,20250827,,,
DSB2-27AUG25-MOC10-SMMN-027-N4,Hetero,Pterotrachea coronata,1,35,DSB1330,20250827,,,
DSB2-27AUG25-MOC10-SMMN-027-N4,Hetero,Pterotrachea coronata,1,48,DSB1330,20250827,,,
DSB2-27AUG25-MOC10-SMMN-027-N4,Hetero,Pterotrachea coronata,1,49,DSB1330,20250827,,,
DSB2-27AUG25-MOC10-SMMN-027-N4,Hetero,Cardiapoda placenta,1,18,DSB1014,20250827,,,
DSB2-27AUG25-MOC10-SMMN-027-N4,Hetero,Pterotrachea scutata,1,23,DSB1014,20250827,,,
DSB2-27AUG25-MOC10-SMMN-027-N5,Hetero,Heteropoda,1,15,DSB1332,20250827,,,
DSB2-27AUG25-MOC10-SMMN-027-N5,Hetero,Heteropoda,1,17,DSB1332,20250827,,,
DSB2-27AUG25-MOC10-SMMN-027-N5,Hetero,Heteropoda,1,16,DSb1332,20250827,,,
DSB2-27AUG25-MOC10-SMMN-027-N5,Hetero,Heteropoda,1,16,DSB1332,20250827,,,
DSB2-27AUG25-MOC10-SMMN-027-N5,Hetero,Heteropoda,1,19,DSB1332,20250827,,,
DSB2-27AUG25-MOC10-SMMN-027-N5,Hetero,Oxygyrus inflatus,1,,DSB1332,20250827,,,
DSB2-27AUG25-MOC10-SMMN-027-N5,Hetero,Atlanta sp,2,,DSB1332,20250827,,,
DSB2-27AUG25-MOC10-SMSD-026-N1,Hetero,Pterotrachea scutata,1,33,DSB0988,20250827,,,
DSB2-27AUG25-MOC10-SMSD-026-N1,Hetero,Pterotrachea scutata,1,42,DSB0988,20250827,,,
DSB2-27AUG25-MOC10-SMSD-026-N2,Hetero,Pterotrachea scutata,1,67,DSB0991,20250827,,,
DSB2-27AUG25-MOC10-SMSD-026-N2,Hetero,Pterotrachea scutata,1,62,DSB0991,20250827,,,
DSB2-27AUG25-MOC10-SMSD-026-N2,Hetero,Pterotrachea scutata,1,57,DSB0991,20250827,,,
DSB2-27AUG25-MOC10-SMSD-026-N2,Hetero,Pterotrachea coronata,1,36,DSB0991,20250827,,,
DSB2-27AUG25-MOC10-SMSD-026-N2,Hetero,Pterotrachea coronata,1,51,DSB0991,20250827,,,
DSB2-27AUG25-MOC10-SMSD-026-N3,Hetero,Pterotrachea scutata,1,53,DSB0995,20250827,,,
DSB2-27AUG25-MOC10-SMSD-026-N4,Hetero,Pterotrachea coronata,1,171,DSB0998,20250827,,,
DSB2-27AUG25-MOC10-SMSD-026-N4,Hetero,Pterotrachea scutata,1,73,DSB0999,20250827,,,
DSB2-27AUG25-MOC10-SMSD-026-N4,Hetero,Pterotrachea scutata,1,57,DSB0999,20250827,,,
DSB2-27AUG25-MOC10-SMSD-026-N4,Hetero,Pterotrachea sp,1,26,DSB1000,20250827,,,
DSB2-27AUG25-MOC10-SMSD-026-N4,Hetero,Pterotrachea sp,1,26,DSB1000,20250827,,,
DSB2-27AUG25-MOC10-SMSD-026-N4,Hetero,Pterotrachea sp,1,31,DSB1000,20250827,,,
DSB2-27AUG25-MOC10-SMSD-026-N4,Hetero,Pterotrachea sp,1,29,DSB1000,20250827,,,
DSB2-27AUG25-MOC10-SMSD-026-N4,Hetero,Pterotrachea sp,1,38,DSB1000,20250827,,,
DSB2-27AUG25-MOC10-SMSD-026-N4,Hetero,Pterotrachea sp,1,28,DSB1000,20250827,,,
DSB2-27AUG25-MOC10-SMSD-026-N5,Hetero,Pterotrachea coronata,1,112,DSB1003,20250827,,,
DSB2-28AUG25-MOC10-SMMD-028-N1,Hetero,Pterotrachea sp,1,94,DSB1340,20250828,,,
DSB2-28AUG25-MOC10-SMMD-028-N1,Hetero,Pterotrachea sp,1,31,DSB1340,20250828,,,
DSB2-28AUG25-MOC10-SMMD-028-N1,Hetero,Pterotrachea sp,1,74,DSB1340,20250828,,,
DSB2-28AUG25-MOC10-SMMD-028-N1,Hetero,Pterotrachea sp,1,44,DSB1340,20250828,,,
DSB2-28AUG25-MOC10-SMMD-028-N1,Hetero,Pterotrachea sp,1,38,DSB1340,20250828,,,
DSB2-28AUG25-MOC10-SMMD-028-N1,Hetero,Pterotrachea sp,1,41,DSB1340,20250828,,,
DSB2-28AUG25-MOC10-SMMD-028-N1,Hetero,Pterotrachea sp,1,47,DSB1340,20250828,,,
DSB2-28AUG25-MOC10-SMMD-028-N1,Hetero,Pterotrachea sp,1,46,DSB1340,20250828,,,
DSB2-28AUG25-MOC10-SMMD-028-N1,Hetero,Pterotrachea sp,1,44,DSB1340,20250828,,,
DSB2-28AUG25-MOC10-SMMD-028-N1,Hetero,Pterotrachea sp,1,44,DSB1340,20250828,,,
DSB2-28AUG25-MOC10-SMMD-028-N1,Hetero,Pterotrachea sp,1,45,DSB1340,20250828,,,
DSB2-28AUG25-MOC10-SMMD-028-N2,Hetero,Pterotrachea scutata,1,48,DSB1344,20250828,,,
DSB2-28AUG25-MOC10-SMMD-028-N4,Hetero,Pterotrachea sp,1,139,DSB1342,20250828,,,
DSB2-28AUG25-MOC10-SMMD-028-N4,Hetero,Pterotrachea sp,1,157,DSB1342,20250828,,,
DSB2-28AUG25-MOC10-SMMD-028-N4,Hetero,Pterotrachea sp,1,49,DSB1342,20250828,,,
DSB2-28AUG25-MOC10-SMMD-028-N4,Hetero,Pterotrachea sp,1,34,DSB1342,20250828,,,
DSB2-28AUG25-MOC10-SMMD-028-N4,Hetero,Pterotrachea sp,1,39,DSB1342,20250828,,,
DSB2-28AUG25-MOC10-SMMD-028-N4,Hetero,Pterotrachea sp,1,33,DSB1342,20250828,,,
DSB2-28AUG25-MOC10-SMMD-028-N4,Hetero,Pterotrachea sp,1,28,DSB1342,20250828,,,
DSB2-28AUG25-MOC10-SMMD-028-N4,Hetero,Pterotrachea sp,1,29,DSB1342,20250828,,,
DSB2-28AUG25-MOC10-SMMD-028-N4,Hetero,Pterotrachea sp,1,39,DSB1342,20250828,,,
DSB2-28AUG25-MOC10-SMMD-028-N4,Hetero,Pterotrachea sp,1,60,DSB1342,20250828,,,
DSB2-28AUG25-MOC10-SMMD-028-N4,Hetero,Pterotrachea sp,1,30,DSB1342,20250828,,,
DSB2-28AUG25-MOC10-SMMD-028-N4,Hetero,Pterotrachea sp,1,54,DSB1342,20250828,,,
DSB2-28AUG25-MOC10-SMMD-028-N4,Hetero,Pterotrachea sp,1,69,DSB1342,20250828,,,
DSB2-28AUG25-MOC10-SMMD-028-N4,Hetero,Pterotrachea sp,1,45,DSB1342,20250828,,,
DSB2-28AUG25-MOC10-SMMD-028-N4,Hetero,Pterotrachea sp,1,52,DSB1342,20250828,,,
DSB2-28AUG25-MOC10-SMMD-028-N4,Hetero,Pterotrachea sp,1,60,DSB1342,20250828,,,
DSB2-28AUG25-MOC10-SMMD-028-N5,Hetero,Atlanta sp,1,,DSB1347,20250828,,,
DSB2-28AUG25-MOC10-SMMD-028-N5,Hetero,Pterotrachea scutata,1,28,DSB1347,20250828,,,
DSB2-28AUG25-MOC10-SMDN-029-N0,Hetero,Pterotrachea coronata,1,25,DSB1350,20250828,,,
DSB2-28AUG25-MOC10-SMDN-029-N0,Hetero,Pterotrachea coronata,1,44,DSB1350,20250828,,,
DSB2-28AUG25-MOC10-SMDN-029-N0,Hetero,Pterotrachea coronata,1,205,DSB1350,20250828,,,
DSB2-28AUG25-MOC10-SMDN-029-N0,Hetero,Pterotrachea coronata,1,103,DSB1350,20250828,,,
DSB2-28AUG25-MOC10-SMDN-029-N0,Hetero,Atlanta sp,2,,DSB1351,20250828,,,
DSB2-28AUG25-MOC10-SMDN-029-N4,Hetero,Pterotrachea sp,1,13,DSB1357,20250828,,,
DSB2-28AUG25-MOC10-SMDN-029-N4,Hetero,Pterotrachea sp,1,10,DSB1357,20250828,,,
DSB2-28AUG25-MOC10-SMDN-029-N4,Hetero,Pterotrachea sp,1,10,DSB1357,20250828,,,
DSB2-28AUG25-MOC10-SMDN-029-N4,Hetero,Pterotrachea sp,1,8,DSB1357,20250828,,,
DSB2-28AUG25-MOC10-SMDN-029-N4,Hetero,Pterotrachea coronata,1,92,DSB1358,20250828,,,
DSB2-28AUG25-MOC10-SMDN-029-N4,Hetero,Pterotrachea coronata,1,37,DSB1358,20250828,,,
DSB2-29AUG25-MOC10-SMDD-030-N0,Hetero,Pterotrachea scutata,1,46,DSB1361,20250829,,,
DSB2-29AUG25-MOC10-SMDD-030-N0,Hetero,Pterotrachea scutata,1,44,DSB1361,20250829,,,
DSB2-29AUG25-MOC10-SMDD-030-N0,Hetero,Pterotrachea coronata,1,45,DSB1362,20250829,,,
DSB2-29AUG25-MOC10-SMDD-030-N0,Hetero,Pterotrachea coronata,1,57,DSB1362,20250829,,,
DSB2-29AUG25-MOC10-SMDD-030-N0,Hetero,Pterotrachea coronata,1,29,DSB1362,20250829,,,
DSB2-29AUG25-MOC10-SMDD-030-N0,Hetero,Pterotrachea coronata,1,52,DSB1362,20250829,,,
DSB2-29AUG25-MOC10-SMDD-030-N0,Hetero,Pterotrachea coronata,1,39,DSB1362,20250829,,,
DSB2-29AUG25-MOC10-SMDD-030-N0,Hetero,Pterotrachea coronata,1,26,DSB1362,20250829,,,
DSB2-29AUG25-MOC10-SMDD-030-N0,Hetero,Carinaria lamarcki,1,15,DSB1362,20250829,,,
DSB2-29AUG25-MOC10-SMDD-030-N0,Hetero,Carinaria lamarcki,1,17,DSB1362,20250829,,,
DSB2-29AUG25-MOC10-SMDD-030-N1,Hetero,Pterotrachea scutata,1,48,DSB1364,20250829,,,
DSB2-29AUG25-MOC10-SMDD-030-N4,Hetero,Pterotrachea coronata,1,147,DSB1366,20250829,,,
DSB2-29AUG25-MOC10-SMDD-030-N4,Hetero,Pterotrachea coronata,1,55,DSB1366,20250829,,,
DSB2-29AUG25-MOC10-SMDD-030-N4,Hetero,Pterotrachea coronata,1,41,DSB1366,20250829,,,
DSB2-29AUG25-MOC10-SMDD-030-N4,Hetero,Pterotrachea coronata,1,32,DSB1366,20250829,,,
DSB2-29AUG25-MOC10-SMDD-030-N4,Hetero,Pterotrachea coronata,1,38,DSB1366,20250829,,,
DSB2-29AUG25-MOC10-SMDD-030-N4,Hetero,Oxygyrus inflatus,1,,DSB1369,20250829,,,
DSB2-29AUG25-MOC10-SMDD-030-N5,Hetero,Pterotrachea sp,1,26,DSB1371,20250829,,,
DSB2-29AUG25-MOC10-SMDD-030-N5,Hetero,Oxygyrus inflatus,1,,DSB1371,20250829,,,
DSB2-30AUG25-MOC10-VKLN-031-N0,Hetero,Pterotrachea coronata,1,58,DSB1373,20250830,,,
DSB2-30AUG25-MOC10-VKLN-031-N0,Hetero,Pterotrachea coronata,1,100,DSB1373,20250830,,,
DSB2-30AUG25-MOC10-VKLN-031-N0,Hetero,Pterotrachea coronata,1,83,DSB1373,20250830,,,
DSB2-30AUG25-MOC10-VKLN-031-N0,Hetero,Pterotrachea coronata,1,96,DSB1373,20250830,,,
DSB2-30AUG25-MOC10-VKLN-031-N1,Hetero,Pterotrachea scutata,1,55,DSB1376,20250830,,,
DSB2-30AUG25-MOC10-VKLN-031-N4,Hetero,Pterotrachea sp,1,12,DSB1379,20250830,,,
DSB2-30AUG25-MOC10-VKLN-031-N4,Hetero,Pterotrachea sp,1,15,DSB1379,20250830,,,
DSB2-30AUG25-MOC10-VKLN-031-N4,Hetero,Pterotrachea sp,1,11,DSB1379,20250830,,,
DSB2-30AUG25-MOC10-VKLN-031-N5,Hetero,Oxygyrus inflatus,2,,DSB1384,20250830,,,
DSB2-30AUG25-MOC10-VKLN-031-N5,Hetero,Pterotrachea scutata,1,52,DSB1385,20250830,,,
DSB2-30AUG25-MOC10-VKLN-031-N5,Hetero,Pterotrachea scutata,1,58,DSB1385,20250830,,,
DSB2-30AUG25-MOC10-VKLN-031-N5,Hetero,Pterotrachea scutata,1,67,DSB1385,20250830,,,
DSB2-30AUG25-MOC10-VKLN-031-N5,Hetero,Pterotrachea scutata,1,37,DSB1385,20250830,,,
DSB2-30AUG25-MOC10-VKLN-031-N5,Hetero,Carinaria lamarki,1,23,DSB1386,20250830,,,
DSB2-30AUG25-MOC10-VKLN-031-N5,Hetero,Carinaria lamarki,1,10,DSB1386,20250830,,,
DSB2-30AUG25-MOC10-VKLN-031-N5,Hetero,Carinaria lamarki,1,7,DSB1386,20250830,,,
DSB2-30AUG25-MOC10-VKLN-031-N5,Hetero,Pterotrachea sp,1,157,DSB1387,20250830,,,
DSB2-30AUG25-MOC10-VKLN-031-N5,Hetero,Pterotrachea sp,1,140,DSB1387,20250830,,,
DSB2-30AUG25-MOC10-VKLN-031-N5,Hetero,Pterotrachea sp,1,103,DSB1387,20250830,,,
DSB2-30AUG25-MOC10-VKLN-031-N5,Hetero,Pterotrachea sp,1,83,DSB1387,20250830,,,
DSB2-30AUG25-MOC10-VKLN-031-N5,Hetero,Pterotrachea sp,1,68,DSB1387,20250830,,,
,,,,,,,,,
DSB3-01Aug26-MOC10-SMLD-032-N0,Hetero,Pterotrachea sp.,1,82,DSB2240,20260801,,,
DSB3-01Aug26-MOC10-SMLD-032-N0,Hetero,Pterotrachea sp.,1,75,DSB2240,20260801,,,
DSB3-01Aug26-MOC10-SMLD-032-N1,Hetero,Pterotrachea sp.,1,37,DSB2243,20260801,,,
DSB3-01Aug26-MOC10-SMLD-032-N1,Hetero,Pterotrachea sp.,1,37,DSB2243,20260801,,,
DSB3-01Aug26-MOC10-SMLD-032-N1,Hetero,Pterotrachea sp.,1,53,DSB2243,20260801,,,
DSB3-01Aug26-MOC10-SMLD-032-N2,Hetero,Pterotrachea scutata,1,40,DSB2245,20260801,,,
DSB3-01Aug26-MOC10-SMLD-032-N3,Hetero,Pterotrachea scutata,1,21,DSB2247,20260801,,,
DSB3-01Aug26-MOC10-SMLD-032-N3,Hetero,Pterotrachea scutata,1,22,DSB2247,20260801,,,
DSB3-01Aug26-MOC10-SMLD-032-N3,Hetero,Pterotrachea scutata,1,21,DSB2247,20260801,,,
DSB3-01Aug26-MOC10-SMLD-032-N3,Hetero,Pterotrachea scutata,1,26,DSB2247,20260801,,,
DSB3-01Aug26-MOC10-SMLD-032-N3,Hetero,Pterotrachea scutata,1,27,DSB2247,20260801,,,
DSB3-01Aug26-MOC10-SMLD-032-N4,Hetero,Pterotrachea sp.,1,59,DSB2248,20260801,,,
DSB3-01Aug26-MOC10-SMLD-032-N5,Hetero,unid heteropoda,1,,DSB2250,20260801,,,
DSB3-01Aug26-MOC10-SMLN-033-N1,Hetero,Pterotrachea coronata,1,84,DSB2252,20260801,,,
DSB3-01Aug26-MOC10-SMLN-033-N1,Hetero,Pterotrachea coronata,1,50,DSB2252,20260801,,,
DSB3-01Aug26-MOC10-SMLN-033-N1,Hetero,Pterotrachea coronata,1,66,DSB2252,20260801,,,
DSB3-01Aug26-MOC10-SMLN-033-N1,Hetero,Pterotrachea coronata,1,46,DSB2252,20260801,,,
DSB3-01Aug26-MOC10-SMLN-033-N1,Hetero,Pterotrachea coronata,1,45,DSB2252,20260801,,,
DSB3-01Aug26-MOC10-SMLN-033-N2,Hetero,Pterotrachea coronata,1,84,DSB2253,20260801,,,
DSB3-01Aug26-MOC10-SMLN-033-N2,Hetero,Pterotrachea scutata,1,25,DSB2253,20260801,,,
DSB3-01Aug26-MOC10-SMLN-033-N3,Hetero,Pterotrachea scutata,1,39,DSB2254,20260801,,,
DSB3-01Aug26-MOC10-SMLN-033-N3,Hetero,Pterotrachea scutata,1,42,DSB2254,20260801,,,
DSB3-01Aug26-MOC10-SMLN-033-N3,Hetero,Pterotrachea scutata,1,48,DSB2254,20260801,,,
DSB3-01Aug26-MOC10-SMLN-033-N3,Hetero,Pterotrachea scutata,1,41,DSB2254,20260801,,,
DSB3-01Aug26-MOC10-SMLN-033-N3,Hetero,Pterotrachea scutata,1,36,DSB2254,20260801,,,
DSB3-01Aug26-MOC10-SMLN-033-N3,Hetero,Pterotrachea scutata,1,50,DSB2254,20260801,,,
DSB3-01Aug26-MOC10-SMLN-033-N3,Hetero,Pterotrachea scutata,1,26,DSB2254,20260801,,,
DSB3-01Aug26-MOC10-SMLN-033-N3,Hetero,Pterotrachea scutata,1,41,DSB2254,20260801,,,
DSB3-01Aug26-MOC10-SMLN-033-N3,Hetero,Pterotrachea scutata,1,42,DSB2254,20260801,,,
DSB3-01Aug26-MOC10-SMLN-033-N3,Hetero,Pterotrachea scutata,1,42,DSB2254,20260801,,,
DSB3-01Aug26-MOC10-SMLN-033-N3,Hetero,Pterotrachea scutata,1,28,DSB2254,20260801,,,
DSB3-01Aug26-MOC10-SMLN-033-N4,Hetero,Pterotrachea coronata,1,79,DSB2255,20260801,,,
DSB3-01Aug26-MOC10-SMLN-033-N4,Hetero,Pterotrachea coronata,1,63,DSB2255,20260801,,,
DSB3-02Aug26-MOC10-SMMN-034-N2,Hetero,Pterotrachea scutata,1,45,DSB2258,20260802,,,
DSB3-02Aug26-MOC10-SMMN-034-N4,Hetero,Pterotrachea coronata,1,56,DSB2261,20260802,,,
DSB3-02Aug26-MOC10-SMMN-034-N4,Hetero,Pterotrachea coronata,1,79,DSB2261,20260802,,,
DSB3-02Aug26-MOC10-SMMN-034-N4,Hetero,Pterotrachea coronata,1,45,DSB2261,20260802,,,
DSB3-02Aug26-MOC10-SMMN-034-N4,Hetero,Pterotrachea scutata,1,22,DSB2262,20260802,,,
DSB3-02Aug26-MOC10-SMMN-034-N4,Hetero,Pterotrachea scutata,1,34,DSB2262,20260802,,,
DSB3-02Aug26-MOC10-SMMN-034-N4,Hetero,Pterotrachea scutata,1,67,DSB2262,20260802,,,
DSB3-02Aug26-MOC10-SMMN-034-N4,Hetero,Pterotrachea scutata,1,41,DSB2262,20260802,,,
DSB3-02Aug26-MOC10-SMMN-034-N5,Hetero,Pterotrachea coronata,1,97,DSB2264,20260802,,,
DSB3-03Aug26-MOC10-SMDD-035-N4,Hetero,Pterotrachea scutata,1,28,DSB2271,20260803,,,
DSB3-03Aug26-MOC10-SMDD-035-N4,Hetero,Pterotrachea scutata,1,30,DSB2271,20260803,,,
DSB3-03Aug26-MOC10-SMDD-035-N4,Hetero,Pterotrachea scutata,1,19,DSB2271,20260803,,,
DSB3-03Aug26-MOC10-SMDD-035-N4,Hetero,Pterotrachea sp,1,37,DSB2271,20260803,,,
DSB3-03Aug26-MOC10-SMDD-035-N5,Hetero,Pterotrachea coronata,1,104,DSB2274,20260803,,,
DSB3-03Aug26-MOC10-SMDD-035-N5,Hetero,Pterotrachea sp,2,,DSB2275,20260803,,,
DSB3-03Aug26-MOC10-SMDN-036-N4,Hetero,Pterotrachea sp,1,27,DSB2280,20260803,,,
DSB3-03Aug26-MOC10-SMDN-036-N5,Hetero,Pterotrachea coronata,1,97,DSB2282,20260803,,,
DSB3-03Aug26-MOC10-SMDN-036-N5,Hetero,Pterotrachea scutata,1,42,DSB2283,20260803,,,
DSB3-03Aug26-MOC10-SMDN-036-N5,Hetero,Pterotrachea scutata,1,38,DSB2283,20260803,,,
DSB3-03Aug26-MOC10-SMDN-036-N5,Hetero,Pterotrachea scutata,1,10,DSB2283,20260803,,,
DSB3-04Aug26-MOC10-SMVN-037-N3,Hetero,Pterotrachea scutata,1,,DSB2287,20260804,,,
DSB3-04Aug26-MOC10-SMVN-037-N4,Hetero,Pterotrachea scutata,1,48,DSB2289,20260804,,,
DSB3-04Aug26-MOC10-SMVN-037-N5,Hetero,Pterotrachea sp,1,10,DSB2290,20260804,,,
DSB3-05Aug26-MOC10-SMVD-038-N0,Hetero,Pterotrachea coronata,1,59,DSB2291,20260805,,,
DSB3-05Aug26-MOC10-SMVD-038-N0,Hetero,Pterotrachea scutata,1,37,DSB2291,20260805,,,
DSB3-05Aug26-MOC10-SMVD-038-N0,Hetero,Pterotrachea scutata,1,36,DSB2291,20260805,,,
DSB3-05Aug26-MOC10-SMVD-038-N0,Hetero,Pterotrachea scutata,1,32,DSB2291,20260805,,,
DSB3-05Aug26-MOC10-SMVD-038-N5,Hetero,Pterotrachea coronata,1,38,DSB2293,20260805,,,
DSB3-05Aug26-MOC10-SNDBN-039-N0,Hetero,Pterotrachea coronata,1,65,DSB2295,20260805,,,
DSB3-05Aug26-MOC10-SNDBN-039-N0,Hetero,Pterotrachea coronata,1,60,DSB2295,20260805,,,
DSB3-05Aug26-MOC10-SNDBN-039-N0,Hetero,Pterotrachea scutata,1,30,DSB2295,20260805,,,
DSB3-05Aug26-MOC10-SNDBN-039-N4,Hetero,Pterotrachea scutata,1,7,DSB2302,20260805,,,
DSB3-05Aug26-MOC10-SNDBN-039-N4,Hetero,Pterotrachea scutata,1,10,DSB2302,20260805,,,
DSB3-05Aug26-MOC10-SNDBN-039-N5,Hetero,Pterotrachea coronata,1,21,DSB2305,20260805,,,
DSB3-05Aug26-MOC10-SNDBN-039-N5,Hetero,Pterotrachea scutata,1,34,DSB2305,20260805,,,
DSB3-05Aug26-MOC10-SNDBN-039-N5,Hetero,Carinaria lamarcki,1,11,DSB2306,20260805,,,
DSB3-06Aug26-MOC10-SMDBD-040-N5,Hetero,Carinaria lamarcki,1,17,DSB2320,20260806,,,
DSB3-06Aug26-MOC10-SMZLN-041-N3,Hetero,Pterotrachea scutata,1,25,DSB2324,20260806,,,
DSB3-06Aug26-MOC10-SMZLN-041-N5,Hetero,Pterotrachea scutata,1,27,DSB2325,20260806,,,
DSB3-07Aug26-MOC10-SMSBDD-042-N4,Hetero,Pterotrachea coronata,1,43,DSB2329?,20260807,,,
DSB3-07Aug26-MOC10-SMSBDD-042-N5,Hetero,Pterotrachea coronata,1,36,DSB2333,20260807,,,
DSB3-07Aug26-MOC10-SMSBDD-042-N5,Hetero,Pterotrachea coronata,1,58,DSB2333,20260807,,,
DSB3-07Aug26-MOC10-SMSBDD-042-N5,Hetero,Pterotrachea coronata,1,77,DSB2333,20260807,,,
DSB3-07Aug26-MOC10-SMPPN-43-N0,Hetero,Pterotrachea sp,1,44,DSB2330,20260807,,,
DSB3-07Aug26-MOC10-SMPPN-43-N1,Hetero,Pterotrachea coronata,1,25,DSB2334,20260807,,,
DSB3-07Aug26-MOC10-SMPPN-43-N1,Hetero,Pterotrachea coronata,1,66,DSB2334,20260807,,,
DSB3-07Aug26-MOC10-SMPPN-43-N1,Hetero,Pterotrachea coronata,1,49,DSB2334,20260807,,,
DSB3-07Aug26-MOC10-SMPPN-43-N3,Hetero,Pterotrachea scutata,1,22,DSB2336,20260807,,,
DSB3-07Aug26-MOC10-SMPPN-43-N3,Hetero,Pterotrachea coronata,1,33,DSB2336,20260807,,,
DSB3-07Aug26-MOC10-SMPPN-43-N3,Hetero,Pterotrachea coronata,1,28,DSB2336,20260807,,,
DSB3-07Aug26-MOC10-SMPPN-43-N3,Hetero,Pterotrachea coronata,1,42,DSB2336,20260807,,,
DSB3-07Aug26-MOC10-SMPPN-43-N3,Hetero,Pterotrachea coronata,1,62,DSB2336,20260807,,,
DSB3-07Aug26-MOC10-SMPPN-43-N5,Hetero,Carinaria lamarcki,1,20,DSB2337,20260807,,,
DSB3-07Aug26-MOC10-SMPPN-43-N5,Hetero,Pterotrachea coronata,1,111,DSB2338,20260807,,,
DSB3-08Aug26-MOC10-SMACD-44-N0,Hetero,Pterotrachea coronata,1,87,DSB2342,20260808,,,
DSB3-08Aug26-MOC10-SMACD-44-N4,Hetero,Pterotrachea sp.,1,46,DSB2353,20260808,,,
DSB3-08Aug26-MOC10-SMACD-44-N4,Hetero,Pterotrachea sp.,1,53,DSB2353,20260808,,,
DSB3-08Aug26-MOC10-SMACD-44-N4,Hetero,Pterotrachea sp.,1,38,DSB2353,20260808,,,
DSB3-08Aug26-MOC10-SMACD-44-N5,Hetero,Pterotrachea coronata,1,67,DSB2355,20260808,,,
DSB3-08Aug26-MOC10-SMWPN-45-N1,Hetero,Pterotrachea coronata,1,17,DSB2357,20260808,,,
DSB3-08Aug26-MOC10-SMWPN-45-N1,Hetero,Pterotrachea coronata,1,24,DSB2357,20260808,,,
DSB3-08Aug26-MOC10-SMWPN-45-N1,Hetero,Pterotrachea coronata,1,44,DSB2357,20260808,,,
DSB3-08Aug26-MOC10-SMWPN-45-N1,Hetero,Pterotrachea coronata,1,34,DSB2357,20260808,,,
DSB3-08Aug26-MOC10-SMWPN-45-N1,Hetero,Pterotrachea coronata,1,56,DSB2357,20260808,,,
DSB3-08Aug26-MOC10-SMWPN-45-N2,Hetero,Carinaria lamarcki,1,21,DSB2358,20260808,,,
DSB3-08Aug26-MOC10-SMWPN-45-N2,Hetero,Carinaria lamarcki,1,19,DSB2358,20260808,,,
DSB3-08Aug26-MOC10-SMWPN-45-N3,Hetero,Pterotrachea coronata,1,61,DSB2360,20260808,,,
DSB3-08Aug26-MOC10-SMWPN-45-N4,Hetero,Pterotrachea coronata,1,34,DSB2361,20260808,,,
DSB3-08Aug26-MOC10-SMWPN-45-N4,Hetero,Pterotrachea coronata,1,53,DSB2361,20260808,,,
DSB3-08Aug26-MOC10-SMWPN-45-N4,Hetero,Pterotrachea coronata,1,58,DSB2361,20260808,,,
DSB3-08Aug26-MOC10-SMWPN-45-N5,Hetero,Pterotrachea scutata,1,40,DSB2362,20260808,,,
DSB3-08Aug26-MOC10-SMWPN-45-N5,Hetero,Pterotrachea coronata,1,64,DSB2363,20260808,,,
DSB3-08Aug26-MOC10-SMWPN-45-N5,Hetero,Pterotrachea coronata,1,51,DSB2363,20260808,,,
DSB3-08Aug26-MOC10-SMWPN-45-N5,Hetero,Pterotrachea coronata,1,31,DSB2363,20260808,,,
DSB3-08Aug26-MOC10-SMWPN-45-N5,Hetero,Pterotrachea coronata,1,34,DSB2363,20260808,,,
DSB3-08Aug26-MOC10-SMWPN-45-N5,Hetero,Pterotrachea coronata,1,29,DSB2363,20260808,,,
DSB3-08Aug26-MOC10-SMWPN-45-N5,Hetero,Pterotrachea coronata,1,33,DSB2363,20260808,,,
DSB3-08Aug26-MOC10-SMWPN-45-N5,Hetero,Pterotrachea coronata,1,45,DSB2363,20260808,,,
DSB3-08Aug26-MOC10-SMWPN-45-N5,Hetero,Pterotrachea coronata,1,21,DSB2363,20260808,,,
DSB3-10Aug26-MOC10-VKDRGNN-47-N0,Hetero,Pterotrachea scutata,1,40,DSB2379,20260810,,,
DSB3-10Aug26-MOC10-VKDRGNN-47-N4,Hetero,Pterotrachea coronata,1,30,DSB2389,20260810,,,
DSB3-10Aug26-MOC10-VKDRGNN-47-N4,Hetero,Pterotrachea coronata,1,32,DSB2390,20260810,,,
DSB3-10Aug26-MOC10-VKDRGNN-47-N5,Hetero,Cardiapoda placenta,1,32,DSB2392,20260810,,,
DSB3-10Aug26-MOC10-VKDRGNN-47-N5,Hetero,Cardiapoda placenta,1,29,DSB2392,20260810,,,
DSB3-10Aug26-MOC10-VKDRGNN-47-N5,Hetero,Cardiapoda placenta,1,25,DSB2392,20260810,,,
DSB3-10Aug26-MOC10-VKDRGNN-47-N5,Hetero,Pterotrachea coronata,1,94,DSB2394,20260810,,,
DSB3-10Aug26-MOC10-VKDRGNN-47-N5,Hetero,Oxygyrus inflatus,1,,DSB2397,20260810,,,
DSB3-11Aug26-MOC10-VKUD-48-N0,Hetero,Cardiapoda placenta,1,41,DSB2397,20260811,,,
DSB3-11Aug26-MOC10-VKUD-48-N0,Hetero,Pterotrachea scutata,1,35,DSB2399,20260811,,,
DSB3-11Aug26-MOC10-VKUD-48-N1,Hetero,Pterotrachea coronata,1,133,DSB2401,20260811,,,
DSB3-11Aug26-MOC10-VKUD-48-N1,Hetero,Pterotrachea coronata,1,57,DSB2402,20260811,,,
DSB3-11Aug26-MOC10-VKUD-48-N1,Hetero,Pterotrachea scutata,1,34,DSB2402,20260811,,,
DSB3-11Aug26-MOC10-VKUD-48-N1,Hetero,Pterotrachea scutata,1,46,DSB2402,20260811,,,
DSB3-11Aug26-MOC10-VKUD-48-N1,Hetero,Pterotrachea scutata,1,49,DSB2402,20260811,,,
DSB3-11Aug26-MOC10-VKUD-48-N1,Hetero,Pterotrachea scutata,1,37,DSB2402,20260811,,,
DSB3-11Aug26-MOC10-VKUD-48-N2,Hetero,Pterotrachea scutata,1,24,DSB2405,20260811,,,
DSB3-11Aug26-MOC10-VKUD-48-N4,Hetero,Cardiapoda placenta,1,25,DSB2411,20260811,,,
DSB3-11Aug26-MOC10-VKUD-48-N4,Hetero,Cardiapoda placenta,1,26,DSB2411,20260811,,,
DSB3-11Aug26-MOC10-VKUD-48-N4,Hetero,Pterotrachea coronata,1,96,DSB2412,20260811,,,
DSB3-11Aug26-MOC10-VKUD-48-N4,Hetero,Pterotrachea sp,1,55,DSB2415,20260811,,,
DSB3-11Aug26-MOC10-VKUD-48-N4,Hetero,Pterotrachea sp,1,53,DSB2415,20260811,,,
DSB3-11Aug26-MOC10-VKUD-48-N4,Hetero,Pterotrachea sp,1,40,DSB2415,20260811,,,
DSB3-11Aug26-MOC10-VKUD-48-N4,Hetero,Pterotrachea sp,1,32,DSB2415,20260811,,,
DSB3-11Aug26-MOC10-VKUD-48-N4,Hetero,Pterotrachea sp,1,32,DSB2415,20260811,,,
DSB3-11Aug26-MOC10-VKUD-48-N4,Hetero,Pterotrachea sp,1,30,DSB2415,20260811,,,
DSB3-11Aug26-MOC10-VKUD-48-N4,Hetero,Pterotrachea sp,1,59,DSB2415,20260811,,,
DSB3-11Aug26-MOC10-VKUD-48-N4,Hetero,Pterotrachea sp,1,56,DSB2415,20260811,,,
DSB3-11Aug26-MOC10-VKUD-48-N5,Hetero,Cardiapoda placenta,1,34,DSB2420,20260811,,,
DSB3-11Aug26-MOC10-VKUD-48-N5,Hetero,Cardiapoda placenta,1,24,DSB2420,20260811,,,
DSB3-11Aug26-MOC10-VKUD-48-N5,Hetero,Cardiapoda placenta,1,24,DSB2420,20260811,,,
DSB3-11Aug26-MOC10-VKUD-48-N5,Hetero,Ptrotrachea coronata,1,27,DSB2416,20260811,,,
DSB3-11Aug26-MOC10-VKMD-49-N0,Hetero,Oxygyrus inflatus,1,,DSB2425,20260811,,,
DSB3-11Aug26-MOC10-VKMD-49-N1,Hetero,Pterotrachea coronata,1,99,DSB2427,20260811,,,
DSB3-11Aug26-MOC10-VKMD-49-N1,Hetero,Pterotrachea coronata,1,76,DSB2427,20260811,,,
DSB3-11Aug26-MOC10-VKMD-49-N1,Hetero,Pterotrachea coronata,1,78,DSB2427,20260811,,,
DSB3-11Aug26-MOC10-VKMD-49-N3,Hetero,Carinaria lamarcki,1,37,DSB2429,20260811,,,
DSB3-12Aug26-MOC10-VKDD-50-N0,Hetero,Cardiapoda placenta,1,31,DSB2340,20260812,,,
DSB3-12Aug26-MOC10-VKDD-50-N5,Hetero,Pterotrachea coronata,1,117,DSB2438,20260812,,,
DSB3-12Aug26-MOC10-VKDD-50-N5,Hetero,Cardiapoda placenta,1,24,DSB2439,20260812,,,
DSB3-12Aug26-MOC10-VKDD-50-N5,Hetero,Cardiapoda placenta,1,26,DSB2439,20260812,,,
DSB3-12Aug26-MOC10-VKUN-51-N0,Hetero,Cardiapoda placenta,1,26,DSB2442,20260812,,,
DSB3-12Aug26-MOC10-VKUN-51-N0,Hetero,Cardiapoda placenta,1,27,DSB2442,20260812,,,
DSB3-12Aug26-MOC10-VKUN-51-N0,Hetero,Pterotrachea coronata,1,117,DSB2443,20260812,,,
DSB3-12Aug26-MOC10-VKUN-51-N0,Hetero,Pterotrachea coronata,1,104,DSB2443,20260812,,,
DSB3-12Aug26-MOC10-VKUN-51-N0,Hetero,Pterotrachea coronata,1,102,DSB2443,20260812,,,
DSB3-12Aug26-MOC10-VKUN-51-N0,Hetero,Pterotrachea coronata,1,102,DSB2443,20260812,,,
DSB3-12Aug26-MOC10-VKUN-51-N0,Hetero,Pterotrachea coronata,1,54,DSB2443,20260812,,,
DSB3-12Aug26-MOC10-VKUN-51-N4,Hetero,Pterotrachea coronata,1,,DSB2449,20260812,,,
DSB3-12Aug26-MOC10-VKUN-51-N4,Hetero,Pterotrachea coronata,1,30,DSB2450,20260812,,,
DSB3-12Aug26-MOC10-VKUN-51-N4,Hetero,Pterotrachea coronata,1,31,DSB2450,20260812,,,
DSB3-12Aug26-MOC10-VKUN-51-N5,Hetero,Pterotrachea coronata,1,53,DSB2451,20260812,,,
DSB3-12Aug26-MOC10-VKUN-51-N5,Hetero,Pterotrachea coronata,1,58,DSB2451,20260812,,,
DSB3-12Aug26-MOC10-VKUN-51-N5,Hetero,Pterotrachea coronata,1,38,DSB2451,20260812,,,
DSB3-12Aug26-MOC10-VKUN-51-N5,Hetero,Cardiapoda placenta,1,38,DSB2452,20260812,,,
DSB3-12Aug26-MOC10-VKUN-51-N5,Hetero,Cardiapoda placenta,1,33,DSB2452,20260812,,,
DSB3-12Aug26-MOC10-VKUN-51-N5,Hetero,Cardiapoda placenta,1,23,DSB2452,20260812,,,
DSB3-12Aug26-MOC10-VKUN-51-N5,Hetero,Cardiapoda placenta,1,13,DSB2454,20260812,,,
DSB3-12Aug26-MOC10-VKUN-51-N5,Hetero,Cardiapoda placenta,1,10,DSB2454,20260812,,,
DSB3-12Aug26-MOC10-VKUN-51-N5,Hetero,Cardiapoda placenta,1,9,DSB2454,20260812,,,
,,,,,,,,,
,,,,,,,,,
,,,,,,,,,
DSB1-090924-MOC10-VKDD-005-N5,ptero,Atlanta sp,2,,DSB0117,20240909,,,
DSB1-091624-MOC10-DCDD-012-N0,ptero,Atlanta sp,1,,DSB0309,20240916,,,
DSB1-090724-MOC10-VKMD-001-N0,ptero,Cavolinia gibbosa,4,,DSB0003,20240907,,,
DSB1-090724-MOC10-VKMD-001-N5,ptero,Cavolinia gibbosa,1,,DSB0014,20240907,,,
DSB1-090724-MOC10-VKMM-002-N0,ptero,Cavolinia gibbosa,2,,DSB0021,20240907,,,
DSB1-091324-MOC10-DCSD-007-N5,ptero,Cavolinia gibbosa,1,,DSB0063,20240913,,,
DSB1-091624-MOC10-DCDD-012-N0,ptero,Cavolinia gibbosa,1,,DSB0309,20240916,,,
DSB1-091624-MOC10-VKUN-013-N0,ptero,Cavolinia gibbosa,1,,DSB0322,20240916,,,
DSB1-090824-MOC10-VKUN-004-N0,ptero,Cavolinia tridentata,1,,DSB0084,20240908,,,
DSB1-091424-MOC10-DCMD-008-N5,ptero,Cavolinia tridentata,1,,DSB0076,20240914,,,
DSB1-090724-MOC10-VKMD-001-N0,ptero,Cavolinia uncinata,8,,DSB0003,20240907,,,
DSB1-090724-MOC10-VKMD-001-N4,ptero,Cavolinia uncinata,1,,DSB0012,20240907,,,
DSB1-090724-MOC10-VKMD-001-N5,ptero,Cavolinia uncinata,1,,DSB0014,20240907,,,
DSB1-090724-MOC10-VKMM-002-N0,ptero,Cavolinia uncinata,6,,DSB0021,20240907,,,
DSB1-090824-MOC10-VKUD-003-N0,ptero,Cavolinia uncinata,2,,DSB0035,20240908,,,
DSB1-090824-MOC10-VKUD-003-N1,ptero,Cavolinia uncinata,,,DSB0036,20240908,,,
DSB1-090824-MOC10-VKUD-003-N5,ptero,Cavolinia uncinata,2,,DSB0083,20240908,,,
DSB1-090824-MOC10-VKUN-004-N0,ptero,Cavolinia uncinata,16,,DSB0086,20240908,,,
DSB1-090924-MOC10-VKDD-005-N0,ptero,Cavolinia uncinata,1,,DSB0096,20240909,,,
DSB1-090924-MOC10-VKDN-006-N4,ptero,Cavolinia uncinata,1,,DSB0049,20240909,,,
DSB1-090924-MOC10-VKDN-006-N5,ptero,Cavolinia uncinata,5,,DSB0053,20240909,,,
DSB1-091324-MOC10-DCSD-007-N2,ptero,Cavolinia uncinata,1,,DSB0058,20240913,,,
DSB1-091424-MOC10-DCMD-008-N0,ptero,Cavolinia uncinata,1,,DSB0066,20240914,,,
DSB1-091424-MOC10-DCON-009-N0,ptero,Cavolinia uncinata,2,,DSB0080,20240914,,,
DSB1-091624-MOC10-VKUN-013-N0,ptero,Cavolinia uncinata,1,,DSB0322,20240916,,,
DSB1-090724-MOC10-VKMD-001-N0,ptero,Clio pyramidata,3,,DSB0003,20240907,,,
DSB1-090724-MOC10-VKMD-001-N1,ptero,Clio pyramidata,5,,DSB0005,20240907,,,
DSB1-090724-MOC10-VKMD-001-N2,ptero,Clio pyramidata,26,,DSB0007,20240907,,,
DSB1-090724-MOC10-VKMD-001-N3,ptero,Clio pyramidata,23,,DSB0011,20240907,,,
DSB1-090724-MOC10-VKMD-001-N4,ptero,Clio pyramidata,11,,DSB0012,20240907,,,
DSB1-090724-MOC10-VKMD-001-N5,ptero,Clio pyramidata,42,,DSB0014,20240907,,,
DSB1-090724-MOC10-VKMM-002-N0,ptero,Clio pyramidata,61,,DSB0021,20240907,,,
DSB1-090724-MOC10-VKMM-002-N1,ptero,Clio pyramidata,12,,DSB0025,20240907,,,
DSB1-090724-MOC10-VKMM-002-N3,ptero,Clio pyramidata,2,,DSB0028,20240907,,,
DSB1-090724-MOC10-VKMM-002-N5,ptero,Clio pyramidata,19,,DSB0032,20240907,,,
DSB1-090824-MOC10-VKUD-003-N0,ptero,Clio pyramidata,2,,DSB0035,20240908,,,
DSB1-090824-MOC10-VKUD-003-N1,ptero,Clio pyramidata,,,DSB0036,20240908,,,
DSB1-090824-MOC10-VKUD-003-N2,ptero,Clio pyramidata,5,,DSB0038,20240908,,,
DSB1-090824-MOC10-VKUD-003-N3,ptero,Clio pyramidata,225,,DSB0039,20240908,,,
DSB1-090824-MOC10-VKUD-003-N4,ptero,Clio pyramidata,67,,DSB0017,20240908,,,
DSB1-090824-MOC10-VKUD-003-N5,ptero,Clio pyramidata,7,,DSB0083,20240908,,,
DSB1-090824-MOC10-VKUN-004-N0,ptero,Clio pyramidata,59,,DSB0086,20240908,,,
DSB1-090824-MOC10-VKUN-004-N1,ptero,Clio pyramidata,1,,DSB0087,20240908,,,
DSB1-090824-MOC10-VKUN-004-N3,ptero,Clio pyramidata,3,,DSB0088,20240908,,,
DSB1-090824-MOC10-VKUN-004-N4,ptero,Clio pyramidata,1,,DSB0090,20240908,,,
DSB1-090824-MOC10-VKUN-004-N5,ptero,Clio pyramidata,16,,DSB0093,20240908,,,
DSB1-090924-MOC10-VKDD-005-N1,ptero,Clio pyramidata,9,,DSB0097,20240909,,,
DSB1-090924-MOC10-VKDD-005-N3,ptero,Clio pyramidata,1,,DSB0111,20240909,,,
DSB1-090924-MOC10-VKDD-005-N4,ptero,Clio pyramidata,5,,DSB0113,20240909,,,
DSB1-090924-MOC10-VKDD-005-N5,ptero,Clio pyramidata,2,,DSB0117,20240909,,,
DSB1-090924-MOC10-VKDN-006-N0,ptero,Clio pyramidata,95,,DSB0120,20240909,,,
DSB1-090924-MOC10-VKDN-006-N1,ptero,Clio pyramidata,2,,DSB0044,20240909,,,
DSB1-090924-MOC10-VKDN-006-N4,ptero,Clio pyramidata,1,,DSB0049,20240909,,,
DSB1-090924-MOC10-VKDN-006-N5,ptero,Clio pyramidata,26,,DSB0053,20240909,,,
DSB1-091324-MOC10-DCSD-007-N1,ptero,Clio pyramidata,1,,DSB0057,20240913,,,
DSB1-091324-MOC10-DCSD-007-N3,ptero,Clio pyramidata,1,,DSB0059,20240913,,,
DSB1-091324-MOC10-DCSD-007-N4,ptero,Clio pyramidata,1,,DSB0061,20240913,,,
DSB1-091424-MOC10-DCMD-008-N0,ptero,Clio pyramidata,6,,DSB0066,20240914,,,
DSB1-091424-MOC10-DCMD-008-N1,ptero,Clio pyramidata,1,,DSB0068,20240914,,,
DSB1-091424-MOC10-DCMD-008-N3,ptero,Clio pyramidata,15,,DSB0071,20240914,,,
DSB1-091424-MOC10-DCMD-008-N4,ptero,Clio pyramidata,10,,DSB0073,20240914,,,
DSB1-091424-MOC10-DCMD-008-N5,ptero,Clio pyramidata,8,,DSB0077,20240914,,,
DSB1-091424-MOC10-DCON-009-N0,ptero,Clio pyramidata,17,,DSB0080,20240914,,,
DSB1-091424-MOC10-DCON-009-N5,ptero,Clio pyramidata,16,,DSB0156,20240914,,,
DSB1-091524-MOC10-DCOD-010-N1,ptero,Clio pyramidata,3,,DSB0283,20240915,,,
DSB1-091524-MOC10-DCOD-010-N3,ptero,Clio pyramidata,2,,DSB0288,20240915,,,
DSB1-091524-MOC10-DCOD-010-N4,ptero,Clio pyramidata,12,,DSB0291,20240915,,,
DSB1-091524-MOC10-DCON-011-N0,ptero,Clio pyramidata,34,,DSB0296,20240915,,,
DSB1-091524-MOC10-DCON-011-N5,ptero,Clio pyramidata,7,,DSB0306,20240915,,,
DSB1-091624-MOC10-DCDD-012-N0,ptero,Clio pyramidata,8,,DSB0309,20240916,,,
DSB1-091624-MOC10-DCDD-012-N5,ptero,Clio pyramidata,1,,DSB0320,20240916,,,
DSB1-091624-MOC10-VKUN-013-N0,ptero,Corolla sp,1,,DSB0322,20240916,,,
DSB1-090724-MOC10-VKMD-001-N0,ptero,Diacria trispinosa,1,,DSB0003,20240907,,,
DSB1-090724-MOC10-VKMD-001-N1,ptero,Diacria trispinosa,13,,DSB0005,20240907,,,
DSB1-090724-MOC10-VKMD-001-N2,ptero,Diacria trispinosa,17,,DSB0007,20240907,,,
DSB1-090724-MOC10-VKMD-001-N3,ptero,Diacria trispinosa,4,,DSB0011,20240907,,,
DSB1-090724-MOC10-VKMD-001-N4,ptero,Diacria trispinosa,98,,DSB0012,20240907,,,
DSB1-090724-MOC10-VKMD-001-N5,ptero,Diacria trispinosa,49,,DSB0014,20240907,,,
DSB1-090724-MOC10-VKMM-002-N0,ptero,Diacria trispinosa,16,,DSB0021,20240907,,,
DSB1-090724-MOC10-VKMM-002-N1,ptero,Diacria trispinosa,3,,DSB0025,20240907,,,
DSB1-090724-MOC10-VKMM-002-N2,ptero,Diacria trispinosa,3,,DSB0027,20240907,,,
DSB1-090724-MOC10-VKMM-002-N3,ptero,Diacria trispinosa,1,,DSB0028,20240907,,,
DSB1-090724-MOC10-VKMM-002-N5,ptero,Diacria trispinosa,35,,DSB0032,20240907,,,
DSB1-090824-MOC10-VKUD-003-N0,ptero,Diacria trispinosa,9,,DSB0035,20240908,,,
DSB1-090824-MOC10-VKUD-003-N1,ptero,Diacria trispinosa,,,DSB0036,20240908,,,
DSB1-090824-MOC10-VKUD-003-N5,ptero,Diacria trispinosa,16,,DSB0083,20240908,,,
DSB1-090824-MOC10-VKUN-004-N0,ptero,Diacria trispinosa,64,,DSB0086,20240908,,,
DSB1-090824-MOC10-VKUN-004-N2,ptero,Diacria trispinosa,1,,DSB???,20240908,,,
DSB1-090824-MOC10-VKUN-004-N4,ptero,Diacria trispinosa,3,,DSB0090,20240908,,,
DSB1-090824-MOC10-VKUN-004-N5,ptero,Diacria trispinosa,17,,DSB0093,20240908,,,
DSB1-090924-MOC10-VKDD-005-N1,ptero,Diacria trispinosa,1,,DSB0097,20240909,,,
DSB1-090924-MOC10-VKDD-005-N4,ptero,Diacria trispinosa,1,,DSB0113,20240909,,,
DSB1-090924-MOC10-VKDD-005-N5,ptero,Diacria trispinosa,17,,DSB0117,20240909,,,
DSB1-090924-MOC10-VKDN-006-N0,ptero,Diacria trispinosa,16,,DSB0120,20240909,,,
DSB1-090924-MOC10-VKDN-006-N5,ptero,Diacria trispinosa,44,,DSB0053,20240909,,,
DSB1-091324-MOC10-DCSD-007-N0,ptero,Diacria trispinosa,9,,DSB0055,20240913,,,
DSB1-091324-MOC10-DCSD-007-N4,ptero,Diacria trispinosa,37,,DSB0061,20240913,,,
DSB1-091324-MOC10-DCSD-007-N5,ptero,Diacria trispinosa,6,,DSB0063,20240913,,,
DSB1-091424-MOC10-DCMD-008-N0,ptero,Diacria trispinosa,8,,DSB0066,20240914,,,
DSB1-091424-MOC10-DCMD-008-N5,ptero,Diacria trispinosa,1,,DSB0077,20240914,,,
DSB1-091424-MOC10-DCON-009-N0,ptero,Diacria trispinosa,7,,DSB0080,20240914,,,
DSB1-091424-MOC10-DCON-009-N5,ptero,Diacria trispinosa,6,,DSB0156,20240914,,,
DSB1-091524-MOC10-DCOD-010-N0,ptero,Diacria trispinosa,1,,DSB0160,20240915,,,
DSB1-091524-MOC10-DCOD-010-N1,ptero,Diacria trispinosa,1,,DSB0283,20240915,,,
DSB1-091524-MOC10-DCOD-010-N4,ptero,Diacria trispinosa,1,,DSB0291,20240915,,,
DSB1-091524-MOC10-DCOD-010-N5,ptero,Diacria trispinosa,1,,DSB0294,20240915,,,
DSB1-091524-MOC10-DCON-011-N0,ptero,Diacria trispinosa,27,,DSB0296,20240915,,,
DSB1-091524-MOC10-DCON-011-N5,ptero,Diacria trispinosa,5,,DSB0306,20240915,,,
DSB1-091624-MOC10-DCDD-012-N0,ptero,Diacria trispinosa,5,,DSB0309,20240916,,,
DSB1-091624-MOC10-DCDD-012-N5,ptero,Diacria trispinosa,3,,DSB0320,20240916,,,
DSB1-091624-MOC10-VKUN-013-N0,ptero,Diacria trispinosa,3,,DSB0322,20240916,,,
DSB1-091624-MOC10-VKUN-013-N1,ptero,Diacria trispinosa,1,,DSB0325,20240916,,,
DSB1-091624-MOC10-VKUN-013-N5,ptero,Diacria trispinosa,5,,DSB0327,20240916,,,
DSB1-090924-MOC10-VKDD-005-N2,ptero,Peracle bispinosa,3,,DSB0104,20240909,,,
DSB1-090924-MOC10-VKDN-006-N2,ptero,Peracle bispinosa,3,,DSB0045,20240909,,,
DSB1-091424-MOC10-DCON-009-N2,ptero,Peracle bispinosa,1,,DSB0150,20240914,,,
,,,,,,,,,
DSB2-19AUG25-MOC10-VKMN-014-N0,Ptero,Clio sp,81,,DSB0402,20250819,,,
DSB2-19AUG25-MOC10-VKMN-014-N1,Ptero,Cavolinia sp,3,,DSB0404,20250819,,,
DSB2-19AUG25-MOC10-VKMN-014-N1,Ptero,Clio sp,7,,DSB0403,20250819,,,
DSB2-19AUG25-MOC10-VKMN-014-N1,Ptero,Diacria sp,2,,DSB0403,20250819,,,
DSB2-19AUG25-MOC10-VKMN-014-N3,Ptero,Clio sp,3,,DSB0408,20250819,,,
DSB2-19AUG25-MOC10-VKMN-014-N4,Ptero,Clio sp,1,,DSB0409,20250819,,,
DSB2-19AUG25-MOC10-VKMN-014-N5,Ptero,Clio sp,6,,DSB0411,20250819,,,
DSB2-20AUG25-MOC10-VKMD-015-N0,Ptero,Cavolinia sp,14,,DSB 0413,20250820,,,
DSB2-20AUG25-MOC10-VKMD-015-N0,Ptero,Diacria sp,1,,DSB0414,20250820,,,
DSB2-20AUG25-MOC10-VKMD-015-N2,Ptero,Clio sp,38,,DSB0418,20250820,,,
DSB2-20AUG25-MOC10-VKMD-015-N3,Ptero,Cavolinia sp,1,,DSB0424,20250820,,,
DSB2-20AUG25-MOC10-VKMD-015-N3,Ptero,Clio sp,2,,DSB0424,20250820,,,
DSB2-20AUG25-MOC10-VKMD-015-N4,Ptero,Cavolinia sp,1,,DSB0419,20250820,,,
DSB2-20AUG25-MOC10-VKMD-015-N4,Ptero,Clio sp,1,,DSB0419,20250820,,,
DSB2-20AUG25-MOC10-VKMD-015-N5,Ptero,Cavolinia sp,1,,DSB0422,20250820,,,
DSB2-20AUG25-MOC10-VKMD-015-N5,Ptero,Clio sp,1,,DSB0422,20250820,,,
DSB2-20AUG25-MOC10-VKUN-016-N0,Ptero,Cavolinia gibbosa,4,,DSB0427,20250820,,,
DSB2-20AUG25-MOC10-VKUN-016-N0,Ptero,Clio sp,29,,DSB0427,20250820,,,
DSB2-20AUG25-MOC10-VKUN-016-N1,Ptero,Cavolinia sp,2,,DSB0428,20250820,,,
DSB2-20AUG25-MOC10-VKUN-016-N1,Ptero,Clio sp,7,,DSB0428,20250820,,,
DSB2-20AUG25-MOC10-VKUN-016-N2,Ptero,Cavolinia gibbosa,1,,DSB0429,20250820,,,
DSB2-20AUG25-MOC10-VKUN-016-N5,Ptero,Cavolinia sp,8,,DSB0437,20250820,,,
DSB2-20AUG25-MOC10-VKUN-016-N5,Ptero,Clio sp,52,,DSB0436,20250820,,,
DSB2-20AUG25-MOC10-VKUN-016-N5,Ptero,Diacria sp,4,,DSB0435,20250820,,,
DSB2-21AUG25-MOC10-VKDN-018-N0,Ptero,Clio pyramidata,13,,DSB0457,20250821,,,
DSB2-21AUG25-MOC10-VKDN-018-N0,Ptero,Diacria trispinosa,2,,DSB0457,20250821,,,
DSB2-21AUG25-MOC10-VKDN-018-N1,Ptero,Clio pyramidata,3,,DSB0461,20250821,,,
DSB2-21AUG25-MOC10-VKDN-018-N1,Ptero,Diacria trispinosa,1,,DSB0461,20250821,,,
DSB2-21AUG25-MOC10-VKDN-018-N2,Ptero,Diacria trispinosa,1,,DSB0462,20250821,,,
DSB2-21AUG25-MOC10-VKDN-018-N3,Ptero,Cavolinia sp,1,,DSB0462,20250821,,,
DSB2-21AUG25-MOC10-VKDN-018-N3,Ptero,Clio recurva,1,,DSB0463,20250821,,,
DSB2-21AUG25-MOC10-VKDN-018-N5,Ptero,Cavolinia gibbosa,3,,DSB0469,20250821,,,
DSB2-21AUG25-MOC10-VKDN-018-N5,Ptero,Cavolinia sp,10,,DSB0469,20250821,,,
DSB2-21AUG25-MOC10-VKDN-018-N5,Ptero,Clio pyramidata,23,,DSB0469,20250821,,,
DSB2-21AUG25-MOC10-VKDN-018-N5,Ptero,Cavolinia sp,15,,DSB0470,20250821,,,
DSB2-21AUG25-MOC10-VKDN-018-N5,Ptero,Diacria sp,18,,DSB0470,20250821,,,
DSB2-21AUG25-MOC10-VKUD-017-N0,Ptero,Cavolinia uncinata,19,,DSB0440,20250821,,,
DSB2-21AUG25-MOC10-VKUD-017-N0,Ptero,Clio sp,1,,DSB0441,20250821,,,
DSB2-21AUG25-MOC10-VKUD-017-N0,Ptero,Diacria sp,1,,DSB0441,20250821,,,
DSB2-21AUG25-MOC10-VKUD-017-N1,Ptero,Clio sp,19,,DSB0445,20250821,,,
DSB2-21AUG25-MOC10-VKUD-017-N1,Ptero,Diacria sp,1,,DSB0446,20250821,,,
DSB2-21AUG25-MOC10-VKUD-017-N2,Ptero,Clio sp,3,,DSB0447,20250821,,,
DSB2-21AUG25-MOC10-VKUD-017-N3,Ptero,Clio sp,3,,DSB0448,20250821,,,
DSB2-21AUG25-MOC10-VKUD-017-N4,Ptero,Clio sp,2,,DSB0449,20250821,,,
DSB2-21AUG25-MOC10-VKUD-017-N5,Ptero,Clio sp,28,,DSB0458,20250821,,,
DSB2-21AUG25-MOC10-VKUD-017-N5,Ptero,Diacria sp,6,,DSB0458,20250821,,,
DSB2-22AUG25-MOC10-DCON-020-N0,Ptero,Clio pyramidata,5,,DSB0923,20250822,,,
DSB2-22AUG25-MOC10-DCON-020-N0,Ptero,Peracles bispinosa,1,,DSB0924,20250822,,,
DSB2-22AUG25-MOC10-DCON-020-N0,Ptero,Cavolinia uncinata,3,,DSB0924,20250822,,,
DSB2-22AUG25-MOC10-DCON-020-N0,Ptero,Diacria sp,12,,DSB0924,20250822,,,
DSB2-22AUG25-MOC10-DCON-020-N0,Ptero,Clio pyramidata,38,,DSB0924,20250822,,,
DSB2-22AUG25-MOC10-DCON-020-N1,Ptero,Clio pyramidata,1,,DSB0926,20250822,,,
DSB2-22AUG25-MOC10-DCON-020-N2,Ptero,Clio pyramidata,1,,DSB0927,20250822,,,
DSB2-22AUG25-MOC10-DCON-020-N3,Ptero,Clio pyramidata,1,,DSB0930,20250822,,,
DSB2-22AUG25-MOC10-DCON-020-N3,Ptero,Diacria trispinosa,1,,DSB0930,20250822,,,
DSB2-22AUG25-MOC10-DCON-020-N4,Ptero,Cavolinia sp,2,,DSB0931,20250822,,,
DSB2-22AUG25-MOC10-DCON-020-N4,Ptero,Diacria sp,5,,DSB0931,20250822,,,
DSB2-22AUG25-MOC10-DCON-020-N4,Ptero,Clio pyramidata,35,,DSB0931,20250822,,,
DSB2-22AUG25-MOC10-DCON-020-N5,Ptero,Diacria sp,10,,DSB0934,20250822,,,
DSB2-22AUG25-MOC10-DCON-020-N5,Ptero,Clio pyramidata,72,,DSB0935,20250822,,,
DSB2-22AUG25-MOC10-DCON-20-N0,Ptero,Clio pyramidata,5,,DSB0923,20250822,,,
DSB2-22AUG25-MOC10-DCON-20-N0,Ptero,Cavolinia uncinata,3,,DSB0924,20250822,,,
DSB2-22AUG25-MOC10-DCON-20-N0,Ptero,Clio pyramidata,38,,DSB0924,20250822,,,
DSB2-22AUG25-MOC10-DCON-20-N0,Ptero,Diacria sp,12,,DSB0924,20250822,,,
DSB2-22AUG25-MOC10-DCON-20-N0,Ptero,Peracles bispinosa,1,,DSB0924,20250822,,,
DSB2-22AUG25-MOC10-DCON-20-N1,Ptero,Clio pyramidata,1,,DSB0926,20250822,,,
DSB2-22AUG25-MOC10-DCON-20-N2,Ptero,Clio pyramidata,1,,DSB0927,20250822,,,
DSB2-22AUG25-MOC10-DCON-20-N3,Ptero,Clio pyramidata,1,,DSB0930,20250822,,,
DSB2-22AUG25-MOC10-DCON-20-N3,Ptero,Diacria trispinosa,1,,DSB0930,20250822,,,
DSB2-22AUG25-MOC10-DCON-20-N4,Ptero,Cavolinia sp,2,,DSB0931,20250822,,,
DSB2-22AUG25-MOC10-DCON-20-N4,Ptero,Clio pyramidata,35,,DSB0931,20250822,,,
DSB2-22AUG25-MOC10-DCON-20-N4,Ptero,Diacria sp,5,,DSB0931,20250822,,,
DSB2-22AUG25-MOC10-DCON-20-N5,Ptero,Clio pyramidata,72,,DSB0935,20250822,,,
DSB2-22AUG25-MOC10-DCON-20-N5,Ptero,Diacria sp,10,,DSB0934,20250822,,,
DSB2-22AUG25-MOC10-VKDD-019-N0,Ptero,Cavolinia sp,4,,DSB0475,20250822,,,
DSB2-22AUG25-MOC10-VKDD-019-N0,Ptero,Clio pyramidata,20,,DSB0475,20250822,,,
DSB2-22AUG25-MOC10-VKDD-019-N2,Ptero,Diacria sp,1,,DSB0477,20250822,,,
DSB2-22AUG25-MOC10-VKDD-019-N3,Ptero,Cavolinia gibbosa,1,,DSB0910,20250822,,,
DSB2-22AUG25-MOC10-VKDD-019-N3,Ptero,Clio pyramidata,1,,DSB0910,20250822,,,
DSB2-22AUG25-MOC10-VKDD-019-N4,Ptero,Cavolinia sp,4,,DSB0917,20250822,,,
DSB2-22AUG25-MOC10-VKDD-019-N4,Ptero,Clio pyramidata,45,,DSB0917,20250822,,,
DSB2-22AUG25-MOC10-VKDD-019-N4,Ptero,Clio recurva,1,,DSB0917,20250822,,,
DSB2-22AUG25-MOC10-VKDD-019-N4,Ptero,Diacria sp,8,,DSB0917,20250822,,,
DSB2-22AUG25-MOC10-VKDD-019-N5,Ptero,Cavolinia sp,32,,DSB0921,20250822,,,
DSB2-22AUG25-MOC10-VKDD-019-N5,Ptero,Diacria sp,22,,DSB0921,20250822,,,
DSB2-23AUG25-MOC10-DCMD-021-N1,Ptero,Clio pyramidata,1,,DSB0937,20250823,,,
DSB2-23AUG25-MOC10-DCMD-021-N2,Ptero,Clio pyramidata,4,,DSB0938,20250823,,,
DSB2-23AUG25-MOC10-DCMD-021-N3,Ptero,Clio pyramidata,8,,DSB0941,20250823,,,
DSB2-23AUG25-MOC10-DCMD-021-N5,Ptero,Diacria sp,3,,DSB0943,20250823,,,
DSB2-24AUG25-MOC10-DCDD-022-N0,Ptero,Diacria sp,1,,DSB0945,20250824,,,
DSB2-24AUG25-MOC10-DCDD-022-N0,Ptero,Cavolinia sp,1,,DSB0945,20250824,,,
DSB2-24AUG25-MOC10-DCDD-022-N4,Ptero,Clio pyramidata,1,,DSB0951,20250824,,,
DSB2-24AUG25-MOC10-DCDD-022-N4,Ptero,Peracles bispinosa,1,,DSB0951,20250824,,,
DSB2-25AUG25-MOC10-DCSD-023-N0,Ptero,Diacria sp,1,,DSB0954,20250825,,,
DSB2-25AUG25-MOC10-DCSD-023-N1,Ptero,Peracles bispinosa,1,,DSB0957,20250825,,,
DSB2-25AUG25-MOC10-DCSD-023-N3,Ptero,Clio sp,2,,DSB0959,20250825,,,
DSB2-25AUG25-MOC10-DCSD-023-N3,Ptero,Peracles bispinosa,1,,DSB0959,20250825,,,
DSB2-25AUG25-MOC10-DCSD-023-N3,Ptero,Cavolinia sp,3,,DSB0959,20250825,,,
DSB2-25AUG25-MOC10-DCSD2-024-N0,Ptero,Peracles bispinosa,5,,DSB0961,20250825,,,
DSB2-25AUG25-MOC10-DCSD2-024-N0,Ptero,Cavolinia sp,1,,DSB0964,20250825,,,
DSB2-25AUG25-MOC10-DCSD2-024-N0,Ptero,Diacria sp,1,,DSB0964,20250825,,,
DSB2-25AUG25-MOC10-DCSD2-024-N0,Ptero,Clio sp,1,,DSB0964,20250825,,,
DSB2-26AUG25-MOC10-SMSN-025-N0,Ptero,Clio pyramidata,4,,DSB0967,20250826,,,
DSB2-26AUG25-MOC10-SMSN-025-N0,Ptero,Diacria trispinosa,3,,DSB0967,20250826,,,
DSB2-26AUG25-MOC10-SMSN-025-N0,Ptero,Cavolinia sp,2,,DSB0967,20250826,,,
DSB2-26AUG25-MOC10-SMSN-025-N1,Ptero,Cavolinia gibbosa,1,,DSB0968,20250826,,,
DSB2-26AUG25-MOC10-SMSN-025-N4,Ptero,Cavolinia sp,2,,DSB0976,20250826,,,
DSB2-26AUG25-MOC10-SMSN-025-N4,Ptero,Diacria sp,3,,,20250826,,,
DSB2-26AUG25-MOC10-SMSN-025-N5,Ptero,Cavolinia gibbosa,3,,DSB0980,20250826,,,
DSB2-26AUG25-MOC10-SMSN-025-N5,Ptero,Cavolinia sp,18,,DSB0981,20250826,,,
DSB2-26AUG25-MOC10-SMSN-025-N5,Ptero,Clio sp,18,,DSB0983,20250826,,,
DSB2-26AUG25-MOC10-SMSN-025-N5,Ptero,Peracles bispinosa,3,,DSB0983,20250826,,,
DSB2-26AUG25-MOC10-SMSN-025-N5,Ptero,Diacria sp A,4,,DSB0984,20250826,,,
DSB2-26AUG25-MOC10-SMSN-025-N5,Ptero,Diacria sp B,4,,DSB0985,20250826,,,
DSB2-26AUG25-MOC10-SMSN-025-N5,Ptero,Diacria sp C,5,,DSB0986,20250826,,,
DSB2-26AUG25-MOC10-SMSN-025-N5,Ptero,Diacria sp,36,,DSB0983,20250826,,,
DSB2-27AUG25-MOC10-SMMN-027-N0,Ptero,Cavolinia sp,15,,DSB1008,20250827,,,
DSB2-27AUG25-MOC10-SMMN-027-N0,Ptero,Diacria sp,9,,DSB1008,20250827,,,
DSB2-27AUG25-MOC10-SMMN-027-N0,Ptero,Clio pyramidata,13,,DSb1008,20250827,,,
DSB2-27AUG25-MOC10-SMMN-027-N1,Ptero,cavolinia sp,1,,DSB1010,20250827,,,
DSB2-27AUG25-MOC10-SMMN-027-N2,Ptero,Clio sp,1,,DSB1012,20250827,,,
DSB2-27AUG25-MOC10-SMMN-027-N3,Ptero,Clio sp,1,,DSB1013,20250827,,,
DSB2-27AUG25-MOC10-SMMN-027-N3,Ptero,Diacria sp,1,,DSB1013,20250827,,,
DSB2-27AUG25-MOC10-SMMN-027-N4,Ptero,Cavolinia sp,2,,DSB1014,20250827,,,
DSB2-27AUG25-MOC10-SMMN-027-N4,Ptero,Clio sp,3,,DSB1014,20250827,,,
DSB2-27AUG25-MOC10-SMMN-027-N5,Ptero,Cavolinia sp,15,,DSB1333,20250827,,,
DSB2-27AUG25-MOC10-SMMN-027-N5,Ptero,Clio sp,79,,DSB1334,20250827,,,
DSB2-27AUG25-MOC10-SMMN-027-N5,Ptero,Diacria sp,30,,DSB1335,20250827,,,
DSB2-27AUG25-MOC10-SMSD-026-N0,Ptero,Clio pyramidata,11,,DSB0987,20250827,,,
DSB2-27AUG25-MOC10-SMSD-026-N0,Ptero,Diacria sp,1,,DSB0987,20250827,,,
DSB2-27AUG25-MOC10-SMSD-026-N0,Ptero,Cavolinia sp,2,,DSB0987,20250827,,,
DSB2-27AUG25-MOC10-SMSD-026-N1,Ptero,Clio sp,57,,DSB0989,20250827,,,
DSB2-27AUG25-MOC10-SMSD-026-N1,Ptero,Diacria sp,4,,DSB0989,20250827,,,
DSB2-27AUG25-MOC10-SMSD-026-N2,Ptero,Clio sp,35,,DSB0993,20250827,,,
DSB2-27AUG25-MOC10-SMSD-026-N2,Ptero,Clio pyramidata,890,,DSB0994,20250827,,,
DSB2-27AUG25-MOC10-SMSD-026-N3,Ptero,Clio sp,164,,DSB0996,20250827,,,
DSB2-27AUG25-MOC10-SMSD-026-N4,Ptero,Clio sp,32,,DSB1000,20250827,,,
DSB2-27AUG25-MOC10-SMSD-026-N4,Ptero,Diacria sp,8,,DSB1000,20250827,,,
DSB2-27AUG25-MOC10-SMSD-026-N5,Ptero,Cavolinia sp,27,,DSB1004,20250827,,,
DSB2-27AUG25-MOC10-SMSD-026-N5,Ptero,Diacria sp,7,,DSB1005,20250827,,,
DSB2-27AUG25-MOC10-SMSD-026-N5,Ptero,Clio sp,3,,DSB1005,20250827,,,
DSB2-28AUG25-MOC10-SMMD-028-N0,Ptero,Cavolinia sp,13,,DSB1337,20250828,,,
DSB2-28AUG25-MOC10-SMMD-028-N0,Ptero,Diacria sp,2,,DSB1337,20250828,,,
DSB2-28AUG25-MOC10-SMMD-028-N1,Ptero,Clio sp,,,,20250828,,,
DSB2-28AUG25-MOC10-SMMD-028-N3,Ptero,Clio pyramidata,3,,DSB1349,20250828,,,
DSB2-28AUG25-MOC10-SMMD-028-N4,Ptero,Diacria trispinosa,6,,DSB1343,20250828,,,
DSB2-28AUG25-MOC10-SMMD-028-N4,Ptero,Diacria trispinosa,8,,DSB1344,20250828,,,
DSB2-28AUG25-MOC10-SMMD-028-N4,Ptero,Cavolinia gibbosa,1,,DSB1344,20250828,,,
DSB2-28AUG25-MOC10-SMMD-028-N5,Ptero,Cavolinia gibbosa,6,,DSB1345,20250828,,,
DSB2-28AUG25-MOC10-SMMD-028-N5,Ptero,Cavolinia gibbosa,31,,DSB1346,20250828,,,
DSB2-28AUG25-MOC10-SMMD-028-N5,Ptero,Cavolinia sp,7,,DSB1347,20250828,,,
DSB2-28AUG25-MOC10-SMMD-028-N5,Ptero,Diacria trispinosa,9,,DSB1347,20250828,,,
DSB2-28AUG25-MOC10-SMMD-028-N5,Ptero,Clio pyramidata,1,,DSB1347,20250828,,,
DSB2-28AUG25-MOC10-SMDN-029-N0,Ptero,Diacria sp,3,,DSB1351,20250828,,,
DSB2-28AUG25-MOC10-SMDN-029-N3,Ptero,Cliopsis krohnii,1,,DSB1356,20250828,,,
DSB2-28AUG25-MOC10-SMDN-029-N4,Ptero,Diacria sp,1,,DSB1357,20250828,,,
DSB2-28AUG25-MOC10-SMDN-029-N4,Ptero,Clio pyramidata,1,,DSB1357,20250828,,,
DSB2-28AUG25-MOC10-SMDN-029-N5,Ptero,Carinaria lamarcki,1,9,DSB1359,20250828,,,
DSB2-28AUG25-MOC10-SMDN-029-N5,Ptero,Cavolinia sp,15,,DSB1360,20250828,,,
DSB2-28AUG25-MOC10-SMDN-029-N5,Ptero,Diacria sp,33,,DSB1360,20250828,,,
DSB2-28AUG25-MOC10-SMDN-029-N5,Ptero,Clio sp,26,,DSB1360,20250828,,,
DSB2-29AUG25-MOC10-SMDD-030-N0,Ptero,Diacria sp,1,,DSB1362,20250829,,,
DSB2-29AUG25-MOC10-SMDD-030-N1,Ptero,Clio pyramidata,3,,DSB1365,20250829,,,
DSB2-29AUG25-MOC10-SMDD-030-N4,Ptero,Clio sp,3,,DSB1369,20250829,,,
DSB2-29AUG25-MOC10-SMDD-030-N4,Ptero,Diacria sp,1,,DSB1369,20250829,,,
DSB2-29AUG25-MOC10-SMDD-030-N5,Ptero,Cavolinia sp,23,,DSB1370,20250829,,,
DSB2-29AUG25-MOC10-SMDD-030-N5,Ptero,Diacria trispinosa,2,,DSB1371,20250829,,,
DSB2-30AUG25-MOC10-VKLN-031-N0,Ptero,Cavolinia so,3,,DSB1375,20250830,,,
DSB2-30AUG25-MOC10-VKLN-031-N0,Ptero,Clio sp,2,,DSB1375,20250830,,,
DSB2-30AUG25-MOC10-VKLN-031-N0,Ptero,Diacria sp,8,,DSB1375,20250830,,,
DSB2-30AUG25-MOC10-VKLN-031-N4,Ptero,Pterotrachea coronata,1,142,DSB1378,20250830,,,
DSB2-30AUG25-MOC10-VKLN-031-N4,Ptero,Diacria sp,3,,DSB1379,20250830,,,
DSB2-30AUG25-MOC10-VKLN-031-N4,Ptero,Clio sp,2,,DSB1379,20250830,,,
DSB2-30AUG25-MOC10-VKLN-031-N5,Ptero,Clio sp,70,,DSB1382,20250830,,,
DSB2-30AUG25-MOC10-VKLN-031-N5,Ptero,Diacria sp,26,,DSB1383,20250830,,,
DSB2-30AUG25-MOC10-VKLN-031-N5,Ptero,Cavolinia sp,4,,DSB1384,20250830,,,
,,,,,,,,,
DSB3-01Aug26-MOC10-SMLN-033-N5,Ptero,Atlanta sp,3,,DSB2257,20260801,,,
DSB3-01Aug26-MOC10-SMLN-033-N5,Ptero,Clio sp,1,,DSB2257,20260801,,,
DSB3-01Aug26-MOC10-SMLN-033-N5,Ptero,Cavolinia sp,2,,DSB2257,20260801,,,
DSB3-03Aug26-MOC10-SMDD-035-N5,Ptero,Peracle bispinosa,3,,DSB2275,20260803,,,
DSB3-03Aug26-MOC10-SMDD-035-N5,Ptero,Diacria sp,2,,DSB2275,20260803,,,
DSB3-03Aug26-MOC10-SMDD-035-N5,Ptero,Cavolinia gibbosa,1,,DSB2275,20260803,,,
DSB3-01Aug26-MOC10-SMLN-033-N5,Ptero,Diacria sp,8,,DSB2257,20260801,,,
DSB3-01Aug26-MOC10-SMLD-032-N0,Ptero,Clio sp,4,,DSB2240,20260801,,,
DSB3-01Aug26-MOC10-SMLD-032-N0,Ptero,Cavolinia sp,1,,DSB2240,20260801,,,
DSB3-01Aug26-MOC10-SMLD-032-N0,Ptero,Diacria sp,1,,DSB2240,20260801,,,
DSB3-01Aug26-MOC10-SMLD-032-N1,Ptero,Clio sp,1,,DSB2243,20260801,,,
DSB3-01Aug26-MOC10-SMLD-032-N5,Ptero,Diacria trispinosa,4,,DSB2249,20260801,,,
DSB3-01Aug26-MOC10-SMLD-032-N5,Ptero,Diacria trispinosa,8,,DSB2250,20260801,,,
DSB3-01Aug26-MOC10-SMLD-032-N5,Ptero,Clio sp,1,,DSB2250,20260801,,,
DSB3-01Aug26-MOC10-SMLN-033-N0,Ptero,Peracle bispinosa,1,,DSB2251,20260801,,,
DSB3-01Aug26-MOC10-SMLN-033-N0,Ptero,Clio pyramidata,1,,DSB2251,20260801,,,
DSB3-01Aug26-MOC10-SMLN-033-N4,Ptero,Diacria sp,2,,DSB2255,20260801,,,
DSB3-01Aug26-MOC10-SMLN-033-N5,Ptero,Peracle bispinosa,4,,DSB2256,20260801,,,
DSB3-02Aug26-MOC10-SMMN-034-N4,Ptero,Diacria sp,2,,DSB2262,20260802,,,
DSB3-02Aug26-MOC10-SMMN-034-N5,Ptero,Cavolinia gibbosa,3,,DSB2265,20260802,,,
DSB3-02Aug26-MOC10-SMMN-034-N5,Ptero,Peracle bispinosa,4,,DSB2265,20260802,,,
DSB3-02Aug26-MOC10-SMMN-034-N5,Ptero,Atlanta sp,2,,DSB2265,20260802,,,
DSB3-02Aug26-MOC10-SMMN-034-N5,Ptero,Clio sp,16,,DSB2265,20260802,,,
DSB3-02Aug26-MOC10-SMMN-034-N5,Ptero,Diacria sp,30,,DSB2265,20260802,,,
DSB3-03Aug26-MOC10-SMDD-035-N0,Ptero,Clio sp,1,,DSB2268,20260803,,,
DSB3-03Aug26-MOC10-SMDD-035-N0,Ptero,Peracle bispinosa,1,,DSB2268,20260803,,,
DSB3-03Aug26-MOC10-SMDD-035-N2,Ptero,Clio sp,2,,DSB2269,20260803,,,
DSB3-03Aug26-MOC10-SMDD-035-N4,ptero,Clio sp,3,,DSB2271,20260803,,,
DSB3-03Aug26-MOC10-SMDN-036-N0,Ptero,Clione sp,1,,DSB2276,20260803,,,
DSB3-03Aug26-MOC10-SMDN-036-N0,Ptero,Cavolinia gibbosa,1,,DSB2277,20260803,,,
DSB3-03Aug26-MOC10-SMDN-036-N4,Ptero,Clione sp,1,,DSB2279,20260803,,,
DSB3-03Aug26-MOC10-SMDN-036-N4,Ptero,Peracle bispinosa,1,,DSB2280,20260803,,,
DSB3-03Aug26-MOC10-SMDN-036-N5,Ptero,Clione sp,1,18,DSB2284,20260803,,,
DSB3-03Aug26-MOC10-SMDN-036-N5,Ptero,Clione sp,1,18,DSB2284,20260803,,,
DSB3-03Aug26-MOC10-SMDN-036-N5,Ptero,Peracle bispinosa,3,,DSB2283,20260803,,,
DSB3-03Aug26-MOC10-SMDN-036-N5,Ptero,Diacria sp,6,,DSB2283,20260803,,,
DSB3-03Aug26-MOC10-SMDN-036-N5,Ptero,Clio sp,25,,DSB2283,20260803,,,
DSB3-04Aug26-MOC10-SMVN-037-N0,Ptero,Clio sp,1,,DSB2286,20260804,,,
DSB3-04Aug26-MOC10-SMVN-037-N0,Ptero,Diacria sp,1,,DSB2286,20260804,,,
DSB3-04Aug26-MOC10-SMVN-037-N4,Ptero,Diacria sp,1,,DSB2289,20260804,,,
DSB3-04Aug26-MOC10-SMVN-037-N5,Ptero,Peracle bispinosa,10,,DSB2290,20260804,,,
DSB3-04Aug26-MOC10-SMVN-037-N5,Ptero,Clio sp,11,,DSB2290,20260804,,,
DSB3-04Aug26-MOC10-SMVN-037-N5,Ptero,Diacria sp,9,,DSB2290,20260804,,,
DSB3-05Aug26-MOC10-SMVD-038-N0,Ptero,Diacria sp,3,,DSB2291,20260805,,,
DSB3-05Aug26-MOC10-SMVD-038-N5,Ptero,Diacria sp,8,,DSB2293,20260805,,,
DSB3-05Aug26-MOC10-SMVD-038-N5,Ptero,Clio sp,4,,DSB2293,20260805,,,
DSB3-05Aug26-MOC10-SMVD-038-N5,Ptero,Peracle bispinosa,2,,DSB2293,20260805,,,
DSB3-05Aug26-MOC10-SMVD-038-N5,Ptero,Atlanta sp,1,,DSB2293,20260805,,,
DSB3-05Aug26-MOC10-SNDBN-039-N0,Ptero,Clio sp,2,,DSB2295,20260805,,,
DSB3-05Aug26-MOC10-SNDBN-039-N0,Ptero,Diacria sp,3,,DSB2295,20260805,,,
DSB3-05Aug26-MOC10-SNDBN-039-N0,Ptero,Atlanta sp,1,,DSB2295,20260805,,,
DSB3-05Aug26-MOC10-SNDBN-039-N2,Ptero,Clio recurva,2,,DSB2297,20260805,,,
DSB3-05Aug26-MOC10-SNDBN-039-N2,Ptero,Peracle bispinosa,1,,DSB2298,20260805,,,
DSB3-05Aug26-MOC10-SNDBN-039-N3,Ptero,Peracle bispinosa,4,,DSB2300,20260805,,,
DSB3-05Aug26-MOC10-SNDBN-039-N4,Ptero,Peracle bispinosa,1,,DSB2302,20260805,,,
DSB3-05Aug26-MOC10-SNDBN-039-N4,Ptero,Diacria sp,1,,DSB2302,20260805,,,
DSB3-05Aug26-MOC10-SNDBN-039-N5,Ptero,Peracle bispinosa,3,,DSB2306?,20260805,,,
DSB3-05Aug26-MOC10-SNDBN-039-N5,Ptero,Diacria sp,17,,DSB2306?,20260805,,,
DSB3-05Aug26-MOC10-SNDBN-039-N5,Ptero,Clio sp,34,,DSB2306?,20260805,,,
DSB3-05Aug26-MOC10-SNDBN-039-N5,Ptero,Atlanta sp,,1,DSB2307,20260805,,,
DSB3-06Aug26-MOC10-SMDBD-040-N0,Ptero,Clio sp,7,,DSB2311,20260806,,,
DSB3-06Aug26-MOC10-SMDBD-040-N0,Ptero,Diacria sp,4,,DSB2311,20260806,,,
DSB3-06Aug26-MOC10-SMDBD-040-N0,Ptero,Peracle bispinosa,1,,DSB2311,20260806,,,
DSB3-06Aug26-MOC10-SMDBD-040-N2,Ptero,Clio recurva,1,,DSB2313,20260806,,,
DSB3-06Aug26-MOC10-SMDBD-040-N2,Ptero,Peracle bispinosa,3,,DSB2313,20260806,,,
DSB3-06Aug26-MOC10-SMDBD-040-N3,Ptero,Peracle bispinosa,4,,DSB2315,20260806,,,
DSB3-06Aug26-MOC10-SMDBD-040-N4,Ptero,Peracle bispinosa,2,,DSB2317,20260806,,,
DSB3-06Aug26-MOC10-SMDBD-040-N4,Ptero,Diacria sp,1,,DSB2317,20260806,,,
DSB3-06Aug26-MOC10-SMDBD-040-N4,Ptero,Clio sp,4,,DSB2317,20260806,,,
DSB3-06Aug26-MOC10-SMDBD-040-N5,Ptero,Diacria sp,10,,DSB2321,20260806,,,
DSB3-06Aug26-MOC10-SMDBD-040-N5,Ptero,Atlanta sp,2,,DSB2321,20260806,,,
DSB3-06Aug26-MOC10-SMDBD-040-N5,Ptero,Peracle bispinosa,1,,DSB2321,20260806,,,
DSB3-06Aug26-MOC10-SMZLN-041-N0,Ptero,Diacria sp,1,,DSB2323,20260806,,,
DSB3-06Aug26-MOC10-SMZLN-041-N0,Ptero,Clio sp,1,,DSB2323,20260806,,,
DSB3-07Aug26-MOC10-SMSBDD-042-N1,Ptero,Clio sp,1,,DSB2326,20260807,,,
DSB3-07Aug26-MOC10-SMSBDD-042-N3,Ptero,Clio recurva,2,,DSB2329,20260807,,,
DSB3-07Aug26-MOC10-SMSBDD-042-N3,Ptero,Peracle bispinosa,2,,DSB2329,20260807,,,
DSB3-07Aug26-MOC10-SMSBDD-042-N4,Ptero,Clio sp,1,,DSB2329?,20260807,,,
DSB3-07Aug26-MOC10-SMSBDD-042-N5,Ptero,Cavolinia sp,8,,DSB2332,20260807,,,
DSB3-07Aug26-MOC10-SMSBDD-042-N5,Ptero,Diacria sp,5,,DSB2332,20260807,,,
DSB3-07Aug26-MOC10-SMSBDD-042-N5,Ptero,Peracle bispinosa,2,,DSB2332,20260807,,,
DSB3-07Aug26-MOC10-SMPPN-43-N0,Ptero,Diacria sp,2,,DSB2330,20260807,,,
DSB3-07Aug26-MOC10-SMPPN-43-N0,Ptero,Clio sp,1,,DSB2330,20260807,,,
DSB3-07Aug26-MOC10-SMPPN-43-N5,Ptero,Diacria trispinosa,4,,DSB2339,20260807,,,
DSB3-07Aug26-MOC10-SMPPN-43-N5,Ptero,Cavolinia gibbosa,1,,DSB2340,20260807,,,
DSB3-07Aug26-MOC10-SMPPN-43-N5,Ptero,Clio sp,14,,DSB2340,20260807,,,
DSB3-07Aug26-MOC10-SMPPN-43-N5,Ptero,Peracle bispinosa,2,,DSB2340,20260807,,,
DSB3-08Aug26-MOC10-SMACD-44-N1,Ptero,Peracle bispinosa,4,,DSB2344,20260808,,,
DSB3-08Aug26-MOC10-SMACD-44-N1,Ptero,Clio recurva,1,21,DSB2345,20260808,,,
DSB3-08Aug26-MOC10-SMACD-44-N2,Ptero,Peracle bispinosa,3,,DSB2348,20260808,,,
DSB3-08Aug26-MOC10-SMACD-44-N2,Ptero,Clio recurva,1,,DSB2350,20260808,,,
DSB3-08Aug26-MOC10-SMACD-44-N3,Ptero,Peracle bispinosa,1,,DSB2351,20260808,,,
DSB3-08Aug26-MOC10-SMACD-44-N4,Ptero,Clio sp,36,,DSB2354,20260808,,,
DSB3-08Aug26-MOC10-SMACD-44-N4,Ptero,Diacria sp,2,,DSB2354,20260808,,,
DSB3-08Aug26-MOC10-SMACD-44-N5,Ptero,Clione sp,1,,DSB2356,20260808,,,
DSB3-08Aug26-MOC10-SMACD-44-N5,Ptero,Cavolinia gibbosa,3,,DSB2356,20260808,,,
DSB3-08Aug26-MOC10-SMACD-44-N5,Ptero,Atlanta sp,2,,DSB2356,20260808,,,
DSB3-08Aug26-MOC10-SMACD-44-N5,Ptero,Peracle bispinosa,2,,DSB2356,20260808,,,
DSB3-08Aug26-MOC10-SMACD-44-N5,Ptero,Diacria sp,10,,DSB2356,20260808,,,
DSB3-08Aug26-MOC10-SMWPN-45-N2,Ptero,Cavolinia sp,8,,DSB2359,20260808,,,
DSB3-08Aug26-MOC10-SMWPN-45-N2,Ptero,Diacria sp,4,,DSB2359,20260808,,,
DSB3-08Aug26-MOC10-SMWPN-45-N2,Ptero,Cavolinia gibbosa,1,,DSB2359,20260808,,,
DSB3-08Aug26-MOC10-SMWPN-45-N2,Ptero,Clio sp,3,,DSB2359,20260808,,,
DSB3-08Aug26-MOC10-SMWPN-45-N2,Ptero,Peracle bispinosa,1,,DSB2359,20260808,,,
DSB3-08Aug26-MOC10-SMWPN-45-N5,Ptero,Cavolinia sp,3,,DSB2364,20260808,,,
DSB3-08Aug26-MOC10-SMWPN-45-N5,Ptero,Diacria sp,3,,DSB2364,20260808,,,
DSB3-10Aug26-MOC10-VKDRGND-46-N0,Ptero,Clio sp,7,,DSB2365,20260810,,,
DSB3-10Aug26-MOC10-VKDRGND-46-N0,Ptero,Atlanta sp,1,,DSB2365,20260810,,,
DSB3-10Aug26-MOC10-VKDRGND-46-N0,Ptero,Peracle bispinosa,1,,DSB2365,20260810,,,
DSB3-10Aug26-MOC10-VKDRGND-46-N0,Ptero,Cymbula sp,1,,DSB2366,20260810,,,
DSB3-10Aug26-MOC10-VKDRGND-46-N1,Ptero,Clio sp,133,,DSB2369,20260810,,,
DSB3-10Aug26-MOC10-VKDRGND-46-N2,Ptero,Clio sp,9,,DSB2370,20260810,,,
DSB3-10Aug26-MOC10-VKDRGND-46-N3,Ptero,Clio sp,39,,DSB2371,20260810,,,
DSB3-10Aug26-MOC10-VKDRGND-46-N3,Ptero,Cavolinia gibbosa,1,,DSB2372,20260810,,,
DSB3-10Aug26-MOC10-VKDRGND-46-N3,Ptero,Diacria sp,1,,DSB2372,20260810,,,
DSB3-10Aug26-MOC10-VKDRGND-46-N5,Ptero,Clio sp,25,,DSB2375,20260810,,,
DSB3-10Aug26-MOC10-VKDRGND-46-N5,Ptero,Atlanta sp,3,,DSB2375,20260810,,,
DSB3-10Aug26-MOC10-VKDRGND-46-N5,Ptero,Cavolinia sp,2,,DSB2375,20260810,,,
DSB3-10Aug26-MOC10-VKDRGND-46-N5,Ptero,Diacria sp,6,,DSB2375,20260810,,,
DSB3-10Aug26-MOC10-VKDRGND-46-N5,Ptero,unid pteropod,1,,DSB2376,20260810,,,
DSB3-10Aug26-MOC10-VKDRGNN-47-N0,Ptero,Clio sp,4,,DSB2380,20260810,,,
DSB3-10Aug26-MOC10-VKDRGNN-47-N0,Ptero,Diacria sp,2,,DSB2380,20260810,,,
DSB3-10Aug26-MOC10-VKDRGNN-47-N1,Ptero,Clio recurva,1,,DSB2383,20260810,,,
DSB3-10Aug26-MOC10-VKDRGNN-47-N5,Ptero,Atlanta sp,8,,DSB2396,20260810,,,
DSB3-10Aug26-MOC10-VKDRGNN-47-N5,Ptero,Cavolinia sp,6,,DSB2397,20260810,,,
DSB3-10Aug26-MOC10-VKDRGNN-47-N5,Ptero,Diacria sp,19,,DSB2397,20260810,,,
DSB3-10Aug26-MOC10-VKDRGNN-47-N5,Ptero,Clio sp,49,,DSB2397,20260810,,,
DSB3-11Aug26-MOC10-VKUD-48-N0,Ptero,Cavolinia gibbosa,1,11,DSB2398,20260811,,,
DSB3-11Aug26-MOC10-VKUD-48-N0,Ptero,Cavolinia gibbosa,2,,DSB2400,20260811,,,
DSB3-11Aug26-MOC10-VKUD-48-N0,Ptero,Diacria sp,9,,DSB2400,20260811,,,
DSB3-11Aug26-MOC10-VKUD-48-N0,Ptero,Clio sp,1,,DSB2400,20260811,,,
DSB3-11Aug26-MOC10-VKUD-48-N0,Ptero,Atlanta sp,1,,DSB2400,20260811,,,
DSB3-11Aug26-MOC10-VKUD-48-N1,Ptero,Clio sp,15,,DSB2402,20260811,,,
DSB3-11Aug26-MOC10-VKUD-48-N3,Ptero,Clio sp,6,,DSB2407,20260811,,,
DSB3-11Aug26-MOC10-VKUD-48-N4,Ptero,Atlantidae,2,,DSB2413,20260811,,,
DSB3-11Aug26-MOC10-VKUD-48-N4,Ptero,Clio sp,53,,,20260811,,,
DSB3-11Aug26-MOC10-VKUD-48-N5,Ptero,Diacria sp,14,,DSB2416,20260811,,,
DSB3-11Aug26-MOC10-VKUD-48-N5,Ptero,Atlantidae,2,,DSB2416,20260811,,,
DSB3-11Aug26-MOC10-VKUD-48-N5,Ptero,Cavolinia sp,8,,DSB2416,20260811,,,
DSB3-11Aug26-MOC10-VKMD-49-N0,Ptero,Diacria sp,1,,DSB2425,20260811,,,
DSB3-11Aug26-MOC10-VKMD-49-N0,Ptero,Cavolinia sp,2,,DSB2425,20260811,,,
DSB3-11Aug26-MOC10-VKMD-49-N1,Ptero,Cavolinia sp,1,,DSB2428,20260811,,,
DSB3-11Aug26-MOC10-VKMD-49-N1,Ptero,Diacria sp,15,,DSB2428,20260811,,,
DSB3-11Aug26-MOC10-VKMD-49-N1,Ptero,Clio sp,29,,DSB2428,20260811,,,
DSB3-12Aug26-MOC10-VKDD-50-N0,Ptero,Diacria sp,2,,DSB2432,20260812,,,
DSB3-12Aug26-MOC10-VKDD-50-N0,Ptero,Clio sp,3,,DSB2432,20260812,,,
DSB3-12Aug26-MOC10-VKDD-50-N4,Ptero,Clio sp,24,,DSB2435,20260812,,,
DSB3-12Aug26-MOC10-VKDD-50-N4,Ptero,Diacria sp,1,,DSB2435,20260812,,,
DSB3-12Aug26-MOC10-VKDD-50-N4,Ptero,Atlanta sp,1,,DSB2435,20260812,,,
DSB3-12Aug26-MOC10-VKDD-50-N4,Ptero,Clio recurva,1,,DSB2435,20260812,,,
DSB3-12Aug26-MOC10-VKDD-50-N5,Ptero,Cymbula sp,1,,DSB2440,20260812,,,
DSB3-12Aug26-MOC10-VKDD-50-N5,Ptero,Diacria sp,4,,DSB2441,20260812,,,
DSB3-12Aug26-MOC10-VKDD-50-N5,Ptero,Cavolinia sp,11,,DSB2441,20260812,,,
DSB3-12Aug26-MOC10-VKDD-50-N5,Ptero,Atlanta sp,2,,DSB2441,20260812,,,
DSB3-12Aug26-MOC10-VKUN-51-N0,Ptero,Clio sp,7,,DSB2445,20260812,,,
DSB3-12Aug26-MOC10-VKUN-51-N0,Ptero,Diacria sp,1,,DSB2445,20260812,,,
DSB3-12Aug26-MOC10-VKUN-51-N0,Ptero,Atlanta sp,1,,DSB2445,20260812,,,
DSB3-12Aug26-MOC10-VKUN-51-N2,Ptero,Clio sp,1,,DSB2448,20260812,,,
DSB3-12Aug26-MOC10-VKUN-51-N2,Ptero,Atlanta sp,1,,DSB2448,20260812,,,
DSB3-12Aug26-MOC10-VKUN-51-N5,Ptero,Atlantidae,4,,DSB2453,20260812,,,
DSB3-12Aug26-MOC10-VKUN-51-N5,Ptero,Clio sp,71,,DSB2454,20260812,,,
DSB3-12Aug26-MOC10-VKUN-51-N5,Ptero,Cavolinia sp,5,,DSB2454,20260812,,,
DSB3-12Aug26-MOC10-VKUN-51-N5,Ptero,Diacria sp,2,,DSB2454,20260812,,,
